ThO2,mp-1102569,-4.218937641666667
VO2,mp-715035,-2.4234353085416678
Sm2O3,mp-1745,-3.8302273792499997
V2O5,mp-1245284,-1.786947846916667
CoO2,mp-856161,-0.9176587375000006
MgO,mp-1245157,-2.7057205278750005
Si3O8,mp-1219421,-2.1058878013636364
SiO2,mp-16964,-3.2603475063888885
NiO2,mp-1042045,-0.32835993416666653
NdO3,mp-1180065,-1.9461271334374999
K2O,mp-684904,-1.2086456532499998
BeO,mp-1778,-3.096913821875
ZnO,mp-13161,-1.0743262693749998
Al2O,mp-8022,-0.14195894624999936
Ac2O3,mp-11107,-3.73843166625
PaO,mp-2735,-2.7751250093750013
HoO,mp-974336,-3.125045046875
As2O3,mp-1105118,-1.6098867572499997
Pb2O3,mp-1179959,-1.3763737442500001
Ti2O,mp-1215,-2.0359864318055565
V2O5,mp-1244996,-2.171878444916666
BiO2,mp-1406596,-0.9935134258333326
Cr2O3,mp-755749,-2.320675543249999
SiO2,mp-559091,-3.2636546983333328
HgO2,mp-755333,-0.034384917499999425
VO2,mp-1245047,-1.9061917565196085
MnO2,mp-1354468,-1.7100597915325682
SiO2,mp-560708,-3.2583288449999994
MgO,mp-1190533,-2.940948169791666
BiO2,mp-1044722,-1.4055440341666667
Ni6O7,mp-766450,-1.0793992616346146
SiO2,mp-558931,-3.0051423914583335
SnO2,mp-1245116,-1.4430982873888891
WO3,mp-1408708,-2.1809098584375004
TiO2,mp-1044853,-3.3311189624999997
FeO,mp-1181437,-0.4292947843750001
Ta2O5,mp-624688,-2.9327963391071443
VO2,mp-1277117,-2.4134757208333335
Mo17O47,mp-285,-1.9386162652539056
CoO,mp-1244939,-0.8756098040000004
WO2,mp-616585,-1.8692344291666672
In2O3,mp-22598,-1.9978267692499998
TeO,mp-1245910,-0.30838179270833255
V2O5,mp-25233,-2.278587523392857
SbO2,mp-1044574,-1.7476739816666662
GdO3,mp-1206505,-1.7673502728124992
W3O8,mp-1404844,-1.8374630290909097
Tl2O,mp-27484,-0.8204024934722215
BO3,mp-1192099,-0.9142760351041671
FeO2,mp-714904,-1.1437978958333328
B84O11,mp-758800,-0.6331808554342112
BiO2,mp-1041983,-1.250690084166666
SiO2,mp-7087,-3.2562616908333335
TiO2,mp-1102591,-3.252319870277777
P4O7,mp-542622,-2.132309022234847
Cl2O7,mp-31050,-0.30357697236111
WO5,mp-1178865,-1.0272822564583326
TiO2,mp-756587,-3.3909452115277774
Ti2O3,mp-1101295,-3.207780831583334
V2O5,mp-1245240,-1.7828714655833329
Si3O,mp-32881,-0.7827318765625
Zr3O,mp-14024,-1.545164112187499
Pb2O3,mp-754071,-1.31640360425
Na2O2,mp-1094115,-1.094693842650862
SiO2,mp-6930,-3.257550080277778
AlO2,mp-1182858,-2.672080894166666
MnO2,mp-25424,-1.7929195551436787
Y2O3,mp-1245017,-3.7318514166166663
BrO3,mp-1182120,0.09082146718750028
Rb19O3,mp-779582,-0.4510099599431818
LuO3,mp-973457,-2.0129004003125006
SnO2,mp-1359814,-1.85177076
BaO6,mp-1198787,-0.895278879285715
MoO2,mp-25349,-1.6046793625000007
ZnO,mp-1245109,-1.5444891220000003
Al2O3,mp-985587,-3.217256151916667
HfO2,mp-1018721,-3.965886067499999
KO2,mp-998916,-0.9429228959999995
Zr27O49,mp-684977,-3.5789703352467117
V3O8,mp-796240,-2.0109120586363645
PbO,mp-672237,-1.4697126289062492
BiO2,mp-1391102,-1.2909595949999992
TiO2,mp-636827,-3.200326958611111
V2O5,mp-1245162,-2.20287142920238
HgO,mp-556859,-0.63818100125
MnO2,mp-796077,-0.33236894847701137
CoO2,mp-1356781,-0.9777052716666669
SmO3,mp-1025421,-1.9870036903125001
SbO2,mp-1374616,-1.692762948333333
FeO2,mp-1355192,-1.082914937222222
As2O3,mp-1195383,-1.6237187544166678
FeO2,mp-1354450,-1.15208656861111
SiO2,mp-11684,-3.2275597079166656
TeO2,mp-557,-1.4844556613888884
BaO4,mp-1182327,-1.2040936784999992
WO3,mp-1172828,-2.1842140546874997
BiO2,mp-1047386,-1.3100867299999994
V6O13,mp-554064,-2.366858133092105
SiO2,mp-667371,-3.256023035535714
Nb2O5,mp-1364247,-2.8534538937499994
Rb2O2,mp-1206669,-0.953355438125
Cr5O12,mp-773920,-1.8331058097058819
Ta10O9,mp-685006,-1.5595076351973685
NiO2,mp-1047762,-0.47413472333333334
Re2O7,mp-1042110,-1.9888150779166662
V2O5,mp-1245049,-1.78555071272619
TiO2,mp-754672,-3.470406101944443
ScO,mp-644481,-3.241125881875001
Fe3O4,mp-611817,-0.9403366628571429
SeO2,mp-638005,-1.1534299107812493
K2O,mp-998915,-1.218728301583333
HfO2,mp-1858,-3.996532089166666
V2O5,mp-1245174,-1.8020406247261906
CO2,mp-1077316,-1.3207540866666652
Al2O3,mp-1244992,-3.2207453199500002
Zr3O,mp-1017,-1.5414057421874992
Bi2O3,mp-674644,-1.0424236927500004
U2O5,mp-647814,-3.699927665714285
CO,mp-729933,-0.658515783124999
Ta2O3,mp-1079159,-2.59937463225
CO,mp-11875,-0.6665296068749997
SiO2,mp-561291,-3.1219259974999995
NaO2,mp-1180346,-0.8921070959339078
MoO3,mp-685156,-1.1575082659374996
Fe14O15,mp-764417,-1.4627879707327573
I2O5,mp-23261,-0.7718412080357139
SiO2,mp-683970,-3.137124432812499
WO2,mp-1244880,-1.5075060997549017
Th3O2,mp-865439,-2.3016907615000006
SO3,mp-2414,-1.578408344010418
RbO2,mp-1219565,0.030781295000000004
H2O,mp-1182019,-1.1971535143055556
K2O,mp-776104,-1.1972152611666662
PtO6,mp-1179856,-0.13953619678571474
W3O8,mp-1042978,-1.777172888636364
W2O5,mp-1394209,-1.8760220598214283
Ti11O18,mp-760747,-3.3499194404885055
Ta2O5,mp-1043362,-3.123045786250001
V6O13,mp-870306,-2.3943229765131577
Zr2O,mp-10735,-1.7720660129166674
SiO2,mp-639512,-3.2584632187318827
Cs4O3,mp-1105918,-1.0772913182820198
PO2,mp-562065,-2.2656760611111104
Cr4O15,mp-1198417,-0.8380302171710525
GeO2,mp-20893,-0.5326303352777784
Ti6O,mp-882,-0.9051431041071426
Mn21O40,mp-766493,-1.787504548140192
Ti5O7,mp-1045759,-3.0832602398263873
Cu4O3,mp-1478,-0.8079858944642854
Bi2O3,mp-1196483,-1.6419101733750003
MnO2,mp-1272141,-1.7926597884770104
V3O7,mp-760992,-2.2289541962916664
VO2,mp-1361684,-2.3467632163888883
Nd2O3,mp-556995,-3.754078467583334
W10O29,mp-27732,-2.1669476154807685
Ti3O,mp-1244956,-1.2194365670875005
Ti2O3,mp-458,-3.3042030105833335
La2O3,mp-553347,-3.6344949252500007
V4O9,mp-27412,-2.352906250288461
SiO2,mp-600078,-3.2444256337962973
V2O5,mp-1245120,-2.222381436249999
H7O4,mp-696717,-0.4795858709090908
SiO2,mp-559829,-3.131365912361111
VO2,mp-2214803,-2.3368359125
Cu8O7,mp-32905,-0.8172437694166661
SiO2,mp-556963,-3.1240747638888897
LiO2,mp-1097725,-0.4408251936111114
WO2,mp-1041282,-1.6968611199999988
TiO2,mp-754769,-3.4498924794444434
Fe2O3,mp-1245084,-1.1557374978749997
KO3,mp-1726,-0.6572524385624998
Ti3O5,mp-1245135,-3.1856963109495195
CrO,mp-1302566,-1.9254767868749987
NO2,mp-557865,-0.6676221630555553
BaO2,mp-1182141,-1.7523003270833328
Ti8O15,mp-565700,-3.446096674692029
MgO,mp-1101930,-2.9183823393750004
MgO2,mp-1096803,-1.4960222225
CuO2,mp-25378,-0.5306257591666673
Nb12O29,mp-510554,-3.039460284969513
Co3O4,mp-1271784,-1.2714402207142845
InO3,mp-1181272,-0.6507835909375004
DyO3,mp-984359,-1.9976055465625002
Al2O3,mp-684990,-3.232471680916667
SmO2,mp-1077235,-3.0630873724999987
V4O7,mp-555597,-2.49165997875
GaO2,mp-1212646,-1.613355596666666
Te2O5,mp-12177,-1.418776883869047
CO3,mp-995196,1.7457782265625
VO2,mp-1102963,-2.480359565833332
W2O3,mp-1372094,-0.9604439482499985
SiO2,mp-554151,-3.2629242258333324
W3O,mp-21369,2.3414386028124987
Fe13O14,mp-705414,-1.4527355293518511
K2O2,mp-1097008,-1.0277059158749995
CrO3,mp-1429856,-1.1560877115625
SiO2,mp-639463,-3.2578539480555566
SiO2,mp-554498,-2.3827633916666664
Ti3O5,mp-1245051,-3.187948660372597
Mn2O3,mp-1043363,-1.7873367379224134
TaO3,mp-2630414,-2.7851892540625
Al2O3,mp-1245251,-3.21857782325
Al2O3,mp-1228448,-3.1844931712499998
NaO2,mp-1238787,-0.8492881180172406
SiO2,mp-555960,-3.011499247708333
Sb6O13,mp-684679,-1.782333014144737
SiO2,mp-556882,-3.246644595
WO2,mp-1350563,-1.9059408089583332
AlO2,mp-734251,-2.421029230833333
P2O5,mp-661384,-2.403746536488095
CrO2,mp-1388847,-1.857893734166667
SiO2,mp-1203655,-3.2429076118750007
MgO,mp-1180973,-2.9943117693749994
SiO2,mp-1204070,-2.97420497675926
Tc2O7,mp-27485,-1.8002681231944437
ThO2,mp-643,-4.368638369166667
SiO2,mp-600068,-3.2345488404999996
WO3,mp-19033,-2.1845681228125002
TaO2,mp-20994,-3.0365674874999997
SrO,mp-1009819,-2.662348122708333
Al2O3,mp-1244868,-3.2116714648499998
SiO2,mp-561181,-3.2526363688095237
SnO2,mp-1244941,-1.3639183101470587
SiO2,mp-600014,-3.257289135972223
NiO2,mp-510753,-0.6815399691666665
SiO2,mp-555544,-3.0909320562500002
MoO2,mp-1041997,-1.8116368191666663
NdO3,mp-32564,-1.9448403759375
Pt3O4,mp-601193,0.2394481264285722
AlO3,mp-1253219,-1.5886890815625003
Cu9O13,mp-1045694,-0.6673367142613632
ScO2,mp-1179108,-2.9799129208333333
TiO2,mp-25262,-3.323672014444444
PtO2,mp-1095224,-0.8423403908333332
Rb2O3,mp-1188205,-1.0103135082500003
ZnO,mp-2346983,-1.5675083618749994
CoO2,mp-1245099,-0.3495364721666672
SiO2,mp-15078,-3.2562941287962976
Ti13O22,mp-656852,-3.380782782309523
V2O5,mp-1245000,-2.1853517136785707
WO2,mp-1245102,-1.5472812854411753
V3O5,mp-1274098,-2.5000463235937502
UO3,mp-294,-3.530939468125
HfO2,mp-775757,-4.011029048749999
Sb26O53,mp-1173348,-1.4079029553639246
MnO2,mp-796340,-1.7995932712547902
Bi2O3,mp-1183524,-1.63344736325
SiO2,mp-557134,-3.182798934999999
V5O9,mp-542334,-2.4976515422321444
Al2O3,mp-1245173,-3.27336373795
SiO2,mp-600051,-3.253941509722223
Bi2O5,mp-1410371,-1.0410754055357145
SmO,mp-1611,-3.1078041718749994
BrO4,mp-1182293,0.2503854045000004
Rh2O3,mp-1179706,-0.5301100062499998
ErO2,mp-1206338,-3.2005871424999994
CrO2,mp-1358572,-1.8634441488888898
ClO6,mp-733797,0.12835777107142832
W3O8,mp-1042656,-2.059107310454546
Si18O29,mp-1199711,-2.815148775079787
SiO2,mp-600061,-3.252994432083333
SiO2,mp-639558,-3.2525942164285713
U13O34,mp-642328,-3.693930789521277
V3O7,mp-1379199,-2.296689668874999
PaO3,mp-861975,-3.0893993715625
Fe13O15,mp-756693,-1.4862181096874991
PtO2,mp-20119,-0.1337816975000005
WO3,mp-19342,-2.1856227584375
V3O8,mp-1179363,-1.5643296027272735
CuO2,mp-654801,-0.4011094291666672
Li2O2,mp-1097030,-1.3826027960416658
Al2O3,mp-1245196,-3.1952910493500006
LiO8,mp-1235185,-0.4228384848148142
SiO2,mp-559605,-3.034717831388889
HfO2,mp-1244883,-3.7913379063235286
Sb2O3,mp-1202960,-1.7200139832499999
CrO,mp-1273363,-1.871235159374999
Al2O3,mp-1182923,-3.3313937072499997
V2O3,mp-776630,-2.4746670432500006
Mn5O8,mp-752536,-1.8869411268965517
Tl2O3,mp-1216564,-0.9885994905833335
SiO2,mp-972808,-3.263289973333333
V2O5,mp-1245315,-1.8156721094880952
V6O11,mp-849537,-2.4528051221323524
Y2O3,mp-1178770,-3.848603023416666
Zr4O,mp-1215377,-1.2409837577500005
MgO2,mp-1245393,-1.6639093966666667
HgO2,mp-2278,-0.04447655416666644
SiO2,mp-639733,-3.250463893055556
VO2,mp-2214678,-2.2829329583333333
Mn2O3,mp-1204718,-1.9377965001724136
TeO6,mp-1178936,0.1281020129761907
B6O,mp-1346,-0.8054543612499998
Nd2O3,mp-1045,-3.7823107177499993
RuO4,mp-554791,-1.1829915167499991
V2O5,mp-720166,-2.16238627625
RuO2,mp-825,-1.458510094166666
Co9O13,mp-1343966,-1.0149522890340912
AlO3,mp-35200,-1.5881399403124998
W17O47,mp-1179617,-0.8777553287695312
Ti3O7,mp-1205462,-2.692169147624999
WO3,mp-559122,-2.1851881034375005
Ge7O23,mp-1181291,-0.7974630218749988
HgO2,mp-557266,-0.06692830499999936
V2O3,mp-1178852,-2.2267843552500013
V2O5,mp-1410508,-2.2339738855357143
SnO2,mp-560417,-1.9742289995833329
Cr5O7,mp-1046050,-1.8835610463541659
Sb26O53,mp-675957,-1.404030312832279
Nd2O3,mp-2763,-3.7525647602500003
SiO2,mp-1256614,-3.252961453055556
Na2O,mp-776952,-1.3594412228400385
Fe5O8,mp-510746,-1.4787651759615381
Ta6O,mp-1218065,-0.6460774105357144
MoO3,mp-1244966,-1.3995526857624998
SiO2,mp-555165,-3.241514365416666
Al2O3,mp-1244928,-3.193667336550001
Nd2O3,mp-7954,-3.567261510249999
WO3,mp-1330336,-0.9735583736458331
Co29O40,mp-705563,-1.1926545190579705
La2O3,mp-1180635,-3.6410362472500006
CoO,mp-19275,-1.1533800081250014
VO2,mp-2506972,-2.4211997658333337
V3O5,mp-622497,-2.5191074023437494
Ta2O,mp-27873,0.2180765037499993
UO4,mp-1178853,-2.5150132969999994
Bi2O3,mp-23262,-1.6623086632499997
MoO4,mp-1180203,-1.0713432160000012
Ag2O3,mp-11872,-0.18990532891666662
In2O3,mp-1194571,-1.9559857004999999
SiO2,mp-561301,-2.7747465642361107
DyO2,mp-1206731,-3.1689115091666658
SiO2,mp-559740,-3.2259212749999997
VO2,mp-19094,-2.4811238941666667
SiO2,mp-558200,-3.1947199708333325
B2O3,mp-1245212,-2.676725261116666
VO2,mp-714931,-1.9945287033333325
Al2O3,mp-1244878,-3.22237721545
K2O,mp-998914,-1.2071325499166665
MgO,mp-1065577,-3.016731879374999
Al2O3,mp-1244898,-3.1976055862500004
SiO2,mp-556591,-3.252889011944445
UO3,mp-616580,-3.4788895735625003
V3O7,mp-622640,-2.3393280882916665
FeO,mp-18905,-1.071980789375
MnO2,mp-33009,-1.776852030143677
U3O8,mp-1102356,-3.70715760090909
Fe2O3,mp-1205415,-1.5305111627500003
PbO2,mp-1180019,-0.8588291163888889
SiO2,mp-560954,-3.098823094166667
Na2O,mp-2352,-1.438959773951149
Li2O,mp-1245009,-1.9001711054330064
SrO10,mp-1179215,-0.13227722128787825
SnO2,mp-1041584,-2.1079658949999995
TmO3,mp-1178953,-2.0973295844791666
Cr4O9,mp-1041443,-1.695808096826923
Os3O,mp-1186373,0.6629625728124982
CrO2,mp-1041961,-1.872926552500001
Sm32O21,mp-579102,-2.352396579693397
Fe3O4,mp-1181340,-1.5217770564285706
SiO2,mp-556553,-3.176165194166666
Tl2O,mp-551470,-0.8175716401388886
CuO,mp-1064456,-0.9423505643749994
Mn9O13,mp-1045833,-1.7981918479604246
Al2O3,mp-1245234,-3.21814705495
Mo4O11,mp-540786,-1.9403778249166672
SnO2,mp-12978,-2.0901844875
Rb2O3,mp-2571,-1.0246046407500002
Mn15O32,mp-776603,-1.6322392267865
Au3O,mp-984358,0.19621779031249975
Ti3O2,mp-978968,-2.3531221695000015
C61O2,mp-1197923,0.28260876325396656
Sb3O8,mp-1197211,-1.616639982424243
Ti6O11,mp-30524,-3.435793845955881
SiO2,mp-1249332,-3.2552868273148152
Bi2O3,mp-22891,-1.3005135072500003
SiO2,mp-557933,-3.2603522379166665
Sb3O14,mp-1203602,-0.05393075279411702
VO2,mp-1245059,-2.265792215539215
Cr2O3,mp-1245247,-1.9968542129999989
CoO2,mp-1226115,-0.4248517041666666
CrO2,mp-19177,-2.0485490575000007
V2O3,mp-1178873,-2.2894799532500003
CrO3,mp-778667,-1.4811590184374994
La2O3,mp-33032,-2.9842313812500003
Cr8O21,mp-558855,-1.6868573204741382
Fe4O13,mp-1181334,-0.33057480375000003
Mn3O4,mp-1180876,-1.8650534316133016
SiO2,mp-34150,-2.9267055931249994
Fe3O4,mp-612405,-1.4686314514285712
Ti3O4,mp-755875,-3.133416626428572
IO6,mp-1181130,0.27593793249999976
CoO2,mp-32686,-1.0733124825000004
Si17O37,mp-1194828,-2.919964677569444
SiO2,mp-985590,-3.264198503333333
MoO3,mp-1369275,-0.9672751736458333
CoO2,mp-754748,-1.0758486366666666
BrO,mp-1207019,0.700398650625
UO2,mp-1597,-3.751292435833333
EuO3,mp-1184436,-1.5803302753125008
SiO2,mp-600083,-3.253381040111112
Mo3O8,mp-1323723,-1.6276092409090912
Ni2O3,mp-1220143,-0.58661739625
SiO2,mp-560527,-3.257895249583333
ZrO2,mp-1100824,-3.2087237447222225
Si6O13,mp-731864,-2.901755155986842
CaO,mp-1245200,-2.9651523397750004
BrO3,mp-1182115,0.20555889718749976
VO2,mp-25283,-2.3183095983333337
Rb2O,mp-776890,-1.1195219729166663
ErO3,mp-1025483,-2.0780716140625
NpO2,mp-2616,-3.6020523754166667
NiO3,mp-1209929,0.4394108034374993
In2O3,mp-1105699,-1.7516488017500003
LiO2,mp-1094129,-0.5353442569444447
Mo4O9,mp-1047895,-1.8646877591346167
TlO,mp-1179154,-0.9136354760416663
As2O5,mp-555434,-1.561466546607143
UO11,mp-1103007,-0.827707921354167
Ti4O7,mp-12205,-3.409328332689394
TeO3,mp-1403480,-1.3092203588541667
PbO,mp-20878,-1.4507499668749997
Ni5O7,mp-1046095,-0.8261905846874994
Rb2O2,mp-1209332,-0.8993902681249999
Bi19O30,mp-773884,-1.5874396635204087
Al2O3,mp-2254,-3.4104273434999994
SiO2,mp-557024,-3.2117630493750005
Fe3O4,mp-715438,-1.5676611264285714
TeO2,mp-2739,-1.4844739238888878
SiO2,mp-600084,-3.254129286249999
SnO2,mp-1392145,-0.25524985416666723
SiO2,mp-1257168,-3.244949509388889
TiO,mp-1245294,-2.593159892741667
Al8O3,mp-1244893,-1.3900339537500002
SbO2,mp-230,-1.8383396987500003
SiO2,mp-555556,-3.258615607291666
W3O8,mp-19066,-2.1254266490909104
CrO3,mp-1389926,-1.3555544053125006
CoO2,mp-1244867,-0.4473138366111117
IO3,mp-1181185,-0.5099334865625007
Gd2O3,mp-1224674,-3.6891500632499996
V2O5,mp-1245005,-1.779725379107143
NiO2,mp-1354141,-0.6123401216666662
P2O5,mp-1244897,-1.7251464830119057
TiO2,mp-1008677,-3.2005788036111107
UO2,mp-865305,-3.6254693424999993
ZnO2,mp-8484,-1.059292405
NaO5,mp-1180210,-0.10271097005028669
MgO2,mp-1180260,-1.4981985391666666
Fe2O3,mp-1178392,-1.5949996160000004
V2O3,mp-21579,-2.5353110695000014
Ga2O3,mp-1244938,-2.102702635875
WO3,mp-636284,-2.1837679753125006
MoO2,mp-1047075,-1.9424423908333341
Cl2O,mp-29537,0.003050824583333759
SO6,mp-1196265,-0.304080053898809
Pb2O3,mp-20078,-1.3941085852500001
N2O,mp-1180215,0.7845327193055548
V2O3,mp-776688,-2.43992896175
Ga3O5,mp-1212686,-2.0081997951562496
W25O73,mp-649605,-2.171553055293367
As2O5,mp-1788,-1.561286668035714
TiO,mp-2664,-2.6361484060416682
Al2O3,mp-755483,-3.33631400325
IrO2,mp-1095353,-1.165934713333332
KO3,mp-998913,-0.6610254223125
V2O3,mp-715514,-2.524090879250001
SiO2,mp-553945,-3.2566133048958332
Al2O3,mp-1244982,-3.23339913875
Al38O21,mp-1245113,-1.854039991588984
Al2O3,mp-1245037,-3.2354992366500004
V2O5,mp-1244901,-1.76115318872619
TiO2,mp-2657,-3.4652649436111105
Ce17O32,mp-673643,-3.936972465204081
Ta11O2,mp-673681,-0.5012447498076912
Fe2O3,mp-685153,-1.482497060875
RuO2,mp-8909,-1.3917489341666662
Al2O3,mp-759943,-3.3921790673749994
Al2O3,mp-752826,-3.3485720224500004
Cr2O3,mp-776873,-2.3257145949999996
SbO2,mp-1044716,-1.5224521891666665
SeO2,mp-559545,-1.1421097099479163
Sn2O,mp-1206688,-0.6839526062499998
SiO2,mp-556376,-2.844653948333333
SiO2,mp-639748,-3.236416021296297
RhO3,mp-1219486,-0.3580864740624996
ZnO,mp-1093993,-1.7684074206249996
Ti4O7,mp-778663,-3.323425808371212
Fe11O12,mp-705417,-1.4823967371739126
VO2,mp-20974,-2.4257987433333335
Te4O9,mp-27127,-1.4531626050320516
ZnO,mp-2229,-1.6442679193749994
TiO2,mp-1400963,-3.441433640277777
BiO2,mp-1359489,-1.3033649975000006
Al2O3,mp-755175,-3.3553025957499996
SiO2,mp-556564,-2.1836793033333333
MoO2,mp-559140,-1.8283876108333341
CrO3,mp-753740,-1.4550252190624997
SiO2,mp-555497,-3.0180747581944445
WO2,mp-1403606,0.08245838083333368
ReO5,mp-1179307,-1.0639245681250007
Na2O2,mp-1237667,-1.0534693126508619
Mn3O4,mp-1194100,-1.8284571505418725
Bi2O3,mp-558953,-1.06227798675
NiO2,mp-1385278,-0.6172329125000005
TaO3,mp-1001011,-2.7819926528125
Pr7O12,mp-22671,-3.4066843668421054
SiO2,mp-600065,-3.246853269027778
MnO2,mp-19326,-1.8022250418103454
V8O,mp-714972,0.9085914234722215
Fe3O4,mp-1271978,-1.6168438892857142
SiO2,mp-600059,-3.2574653909313724
MoO2,mp-1041993,-1.7414883375000005
Na2O9,mp-1204051,-0.486370350168495
SrO10,mp-1201811,-0.12867525878787814
H2O,mp-990441,-0.3341945424999994
PdO,mp-603251,0.02865824562500041
K2O2,mp-998917,-1.2726050408749998
Si2O3,mp-1179195,-2.166113910250001
Ta2O5,mp-1104837,-3.29199029625
AlO2,mp-1096799,-2.561051075833333
SiO2,mp-667368,-3.2559410142708334
SiO2,mp-559872,-3.2550804888888885
K2O,mp-1223784,-1.0483180982499996
UO4,mp-1178842,-2.538785550999999
ClO2,mp-23207,-0.3537201270833332
Ce16O27,mp-684594,-3.8918215761918593
CrO2,mp-1400837,-1.8571622716666667
Ta2O5,mp-684897,-3.2709312833928577
FeO2,mp-796259,-1.2189689583333323
CeO2,mp-1062989,-3.1618175741666668
Fe5O8,mp-1225001,-1.4570538023076922
Fe9O10,mp-759037,-1.502765459342105
P2O3,mp-368,-1.9612690285833323
TiO2,mp-1245321,-3.3196056265
Cr3O8,mp-1388338,-1.3520642181818168
Np2O3,mp-1186221,-3.1227264787500006
Mn2O5,mp-1104282,-1.1519838470874382
Nb12O29,mp-1470,-3.039989624847562
Si5O8,mp-1179651,-2.718495281538461
Yb3O7,mp-1215902,-1.6330433666249988
Mo5O14,mp-1239172,-1.9243859640789465
Eu3O4,mp-1182716,-3.233142692857143
Mo2O5,mp-1043432,-1.8582361719642861
Ti3O5,mp-1245031,-3.170249459987981
PtO,mp-11540,0.20535314562500062
SiO2,mp-532105,-3.2563277579320986
U3O10,mp-1179123,-3.0064908328846163
Ga2O3,mp-886,-2.269760045249999
Al2O3,mp-1245254,-3.18890047685
Al2O3,mp-1245036,-3.1961943503500003
V5O7,mp-1046039,-2.2834318480208324
IrO2,mp-1014261,-0.9985106158333323
CrO3,mp-772550,-1.4982170621875008
Al2O3,mp-1245052,-3.23553327685
SiO2,mp-1200292,-3.2577565937152775
FeO2,mp-1443203,-1.1142926124999992
BiO2,mp-1343531,-1.3980303549999995
Fe2O3,mp-557546,-1.180057743916666
Al2O3,mp-1245262,-3.26711454515
CO2,mp-995224,-1.472878944999999
CrO,mp-1178416,-1.880040594375
Cs2O2,mp-1063779,-0.8815768783405171
PtO,mp-7947,-0.5849436993749997
W11O12,mp-1191069,-0.3408209297826078
Fe32O35,mp-863766,-1.4758716857649243
LaO2,mp-1206559,-3.090755500833333
V16O3,mp-30064,0.7288839665131587
Cu3O4,mp-1147673,-0.7988609842857143
Mn2O3,mp-1172875,-2.0146832197974134
IrO3,mp-1022963,-0.9393079340624997
V2O5,mp-1245096,-1.7820788353928567
WO3,mp-825726,-2.1824185034375
Bi13O20,mp-32597,-1.616812188636364
Mo2O5,mp-1412716,-1.889589565535714
Na2O2,mp-1061395,-1.066447932650862
V9O22,mp-1101328,-2.2247307613709677
AlO,mp-8023,-1.5527517843749994
Li2O,mp-1245224,-1.9123361889624182
SiO2,mp-1244968,-3.021581893382353
Al2O3,mp-1245211,-3.3855958572500002
P2O5,mp-1245177,-1.6366872901547616
Ni9O10,mp-656884,-1.1089790488157898
SiO2,mp-6947,-3.0719684258333326
Bi2O3,mp-1091371,-1.5713421462500001
CdO2,mp-1096866,-0.4782603225
Sb4O9,mp-1041270,-1.5650896368269236
In2O3,mp-644741,-1.75423659275
TeO2,mp-2237,-1.2703934813888882
SiO2,mp-556588,-2.964827700833333
V2O5,mp-755235,-2.2790406448214284
H2O,mp-634812,-1.2140931912499997
V10O9,mp-705541,-1.7892006483552636
SiO2,mp-553993,-3.228607130624999
VO2,mp-1245012,-2.245294799558823
Al2O3,mp-776475,-3.3975497475
CrO2,mp-25302,-1.8409973425000008
WO3,mp-2285488,-2.1826108165625
SiO2,mp-555211,-3.257206244374999
In2O3,mp-22323,-1.9684236792500003
TiO,mp-755300,-2.7960158127083345
SiO2,mp-600022,-3.2519100166666663
NbO2,mp-2533,-2.8709212024999986
MgO,mp-1192043,-2.9908641214583334
ZrO2,mp-755089,-3.792047129999999
CrO,mp-19091,-1.6052790493749995
TiO,mp-1203,-2.8658519930416673
Pr11O20,mp-1209915,-3.26536996516129
V4O7,mp-715493,-2.3157474746590907
SrO10,mp-1179236,-0.5372461603787874
SiO2,mp-600053,-3.251324763214285
ZrO2,mp-755759,-3.779693625833333
Si6O13,mp-673849,-2.183574429144736
Fe3O4,mp-705416,-1.5001353298214286
Ta3O8,mp-727194,-3.1582463143181823
MnO2,mp-510408,-1.7769330751436787
V4O7,mp-21018,-2.3086391105681825
Ti3O5,mp-8057,-3.375653204843749
Ti3O,mp-557812,-1.564868585520833
SiO2,mp-556132,-3.076896214166666
Li2O,mp-1960,-2.062022011805555
HgO,mp-1077107,-0.636757381875
Ti5O9,mp-748,-3.426137943958334
Dy2O3,mp-2345,-4.0104446312499995
P2O9,mp-31272,-0.8722408700378785
Y2O3,mp-1244888,-3.7292717170166667
Er2O3,mp-2460,-4.009628218583333
Pu2O3,mp-33216,-3.3482091922500006
SnO2,mp-1401382,-1.9168586791666666
SiO2,mp-600063,-3.256354682222222
SiO2,mp-1249090,-3.2507816885784306
Al2O3,mp-1247846,-3.2128463122499995
LiO8,mp-1235252,-0.4189603914814815
MgO,mp-1245143,-2.7127326877500004
Ga2O3,mp-13134,-1.9856849342499998
SiO2,mp-556961,-3.262798280416666
ReO3,mp-20741,-2.134461209687501
CaO,mp-2605,-3.3066555393749995
YbO3,mp-1206160,-1.4151038003125
Fe3O4,mp-1271821,-1.621673001785714
Mo2O7,mp-1180296,-1.3725927406944436
Eu2O3,mp-1182469,-3.185170473000001
ThO,mp-1206987,-2.9934990693750008
MnO2,mp-1371977,-1.6002409034770106
SeO3,mp-27519,-0.8749718880859376
VO,mp-1287184,-2.085957975625
CsO2,mp-684583,-0.9363046701436778
SiO2,mp-17279,-3.2531743581249994
TiO,mp-673667,-2.712497550327382
Fe2O3,mp-715572,-1.6306771785000003
PbO,mp-677074,-1.0615395518749997
MnO2,mp-1354190,-1.7813085463936769
Ga2O3,mp-1245167,-2.11291155425
SnO,mp-2097,-1.6303385493749998
Sm2O3,mp-684768,-3.413477013250001
Fe2O3,mp-1244911,-1.4339598651249994
Cu8O,mp-704745,-0.029537035416666413
WO3,mp-1244906,-1.7972594346624988
SiO2,mp-557723,-2.9930614113888887
WO5,mp-731362,-0.6666045589583334
MnO2,mp-25223,-1.7869319218103452
V2O5,mp-25279,-2.289930598392857
Si3O,mp-32566,-0.7767192215624998
CO2,mp-1102227,-1.753532353333333
OF3,mp-974002,-0.15939704781249997
MnO2,mp-1271850,-1.7915344293103435
V2O5,mp-1245160,-1.806386616440476
Cr3O4,mp-1310867,-2.155466678571429
Fe7O8,mp-32939,-1.4594463406666667
Li2O,mp-1245092,-1.8887999861192808
Ti2O7,mp-656850,-1.8407466142129623
V3O7,mp-764115,-2.265129927125
SiO2,mp-559347,-3.2453533131249994
AgO2,mp-1214946,-0.010580568888888328
TiO2,mp-1079207,-3.176086718055556
TiO,mp-1245141,-2.5968873494416673
GeO2,mp-1190549,-2.032906830833333
MoO2,mp-715482,-1.7664646525000005
Ta2O5,mp-1218001,-3.2264029191071444
Bi4O5,mp-684589,-1.3927814304166664
ReO2,mp-7228,-1.897277652499999
H2O2,mp-23939,-0.8521820443749988
ZrO2,mp-1565,-3.7455591925
PuO,mp-806,-2.8022896343750006
Cr3O,mp-20609,0.8211467015625002
CeO3,mp-1205900,-2.4361147265625
FeO,mp-1245001,-1.1618173416250002
SeO5,mp-1209326,-0.09510634747395841
NiO2,mp-1369444,-0.6023255945833329
Co5O8,mp-761471,-1.180050962692307
SiO2,mp-600004,-3.256381777500001
SnO,mp-1245133,-1.3915088844999999
SiO2,mp-600041,-3.254763845
YbO,mp-1216,-3.630349144375
Tb7O12,mp-22083,-3.611585086578948
SiO2,mp-8059,-3.263084245
MoO3,mp-796276,-1.8754031803124995
Al2O3,mp-1244970,-3.1866128101499998
NbO,mp-2692,-1.4995366693750007
Bi2O3,mp-684747,-1.6249042914375003
V5O12,mp-2214725,-2.235764983823528
SiO2,mp-1204057,-3.2510960829629636
LiO8,mp-1235698,-0.36047584148148104
WO3,mp-19390,-2.1841233915624994
Cr2O5,mp-776160,-1.7233692073214277
SrO4,mp-1208665,-0.4410952683333328
Ti6O11,mp-559964,-3.439123348308822
SiO2,mp-646895,-3.2537768136458323
Mo3O8,mp-715479,-1.6697403690909092
Sm2O3,mp-1219167,-3.64689769525
Fe2O3,mp-1456,-1.5884948479999998
Fe8O9,mp-705588,-1.4999867478676463
SiO2,mp-600016,-3.2572027437499993
Er2O3,mp-679,-4.05785747325
NdO,mp-754545,-3.073969038124999
VO2,mp-1190609,-2.4217328166666667
Fe3O4,mp-1181570,-1.5133837442857134
SiO2,mp-673168,-2.5872945180555558
Ta11O2,mp-1343930,7.512257535192308
UO3,mp-684639,-2.831497465062499
SiO2,mp-669426,-3.2630525304166658
Cr3O7,mp-1044455,-1.7198874453749995
H2O2,mp-28015,-0.875821962499999
Sb2O3,mp-1999,-1.74401357375
TiO2,mp-390,-3.4960882836111105
SnO2,mp-1245027,-1.4669155301666668
Y2O3,mp-775907,-3.9191314005833324
Mo3O8,mp-1393345,-1.6945048336363635
Tl2O3,mp-1658,-1.1047322715833332
SiO2,mp-639724,-3.2567178124999994
Nd2O3,mp-1220312,-2.60037125625
MoO2,mp-714969,-1.7934169516666667
CrO3,mp-755211,-1.4806665403125008
CaO2,mp-634859,-2.2074083491666663
CrO2,mp-1349242,-1.870756205625001
V9O20,mp-1100929,-1.5640829046551732
Ti2O,mp-1245186,-1.7160600758251634
BaO2,mp-726415,-2.1294301291666664
SiO2,mp-557076,-2.982912790277778
CrO2,mp-1009555,-1.8558040925000003
H2O,mp-24043,-1.2572542993055553
TiO2,mp-572822,-2.976471411111111
LiO2,mp-1094135,-0.8099654636111117
VO2,mp-849511,-2.4294951771666677
YO3,mp-1189335,-2.0203283651041666
SiO2,mp-558891,-3.256378682222223
Rb16O3,mp-1220248,-0.4986721984868422
Ti3O,mp-2591,-1.570232035937499
Sb2O3,mp-1046803,-1.49231401375
SiO2,mp-600031,-3.2573879118333338
B8O,mp-530033,-0.6043091028240747
SiO2,mp-638033,-2.5678323249999995
Y2O3,mp-754759,-3.9201911369166664
Fe2O3,mp-510080,-1.5771335237500004
AsO2,mp-27356,-1.5890821874999996
CO,mp-995183,-0.7789097006249994
SiO2,mp-8602,-3.257367713970588
MnO2,mp-1407587,-1.5968031359770098
Rb2O2,mp-7895,-1.233629708125
CrO2,mp-1421109,-1.8242289425000007
SiO2,mp-7000,-3.257452020277777
Si3O7,mp-1250755,-2.3461787826249987
NO6,mp-734416,0.16027080607142757
RhO2,mp-725,-1.2198029241666657
AgO,mp-1065190,-0.4428871077083336
WO3,mp-1244929,-1.9600539999624993
WO3,mp-1197857,-2.1819943115625
CaO,mp-1079707,-3.0968856843749992
Mn2O3,mp-770543,-1.9504111594224143
LuO3,mp-1021512,-1.9339198690625006
MgO,mp-1009129,-2.716543444374999
Si6O13,mp-530027,-2.760940062828946
MoO3,mp-1445089,-1.9155564759374997
YO,mp-1187855,-3.095739807708333
SiO2,mp-555411,-2.7165312391666663
V2O5,mp-1245118,-1.770763581011905
BaO,mp-1245192,-2.618301997175
Al2O,mp-1245110,-1.7204876653240737
Mn3O4,mp-638270,-1.8324389369704446
SiO2,mp-1256499,-3.2115307100000003
WO3,mp-2526683,-2.149145683705357
Bi2O3,mp-1188316,-1.60201094325
U4O7,mp-754893,-3.522503004204545
FeO,mp-753682,-1.3950535393750005
Sr2O3,mp-1187089,-1.9498210719166664
Pb3O,mp-1186421,-7.345218749943427e-05
MnO2,mp-796336,-1.8002636695881233
WO3,mp-566278,-2.1855839478125
NpO,mp-6927,-2.5449512637500007
Ta2O5,mp-1179062,-3.245127089107143
Mo9O26,mp-706490,-1.893573124642857
P2O5,mp-990076,-1.762897771488095
Mn3O4,mp-1193728,-1.8321616387561588
CaO2,mp-1181909,-1.9261379191666659
V4O7,mp-715457,-2.3134513819318183
WO3,mp-690346,-2.1816745769791672
SiO2,mp-1265115,-3.1421799208333323
SiO2,mp-556454,-3.259764810625
Ta2O7,mp-726074,-2.1066532906944437
N2O5,mp-504769,-0.6097086576785712
BiO2,mp-1044867,-1.319760756388889
W2O5,mp-1043494,-1.8649390026785713
PaO2,mp-2364,-4.0333474325
Cr2O3,mp-1245257,-2.0041054632499993
Nb2O3,mp-1095187,-2.5733358652500002
Al2O3,mp-1359927,-2.48804587275
V2O5,mp-1244904,-1.8063222896785711
SiO2,mp-557264,-3.262480242916666
Fe5O8,mp-1225007,-1.4604484923076921
Bi4O9,mp-1041273,-1.144565563365385
MoO2,mp-715550,-2.020929575833333
Sc2O3,mp-13060,-3.8376062432499993
W3O10,mp-826017,-1.8400503690384609
Cr2O5,mp-1043300,-1.6724095962499999
B2O3,mp-306,-2.79881968625
ReO3,mp-1237229,-2.1306264234374996
N2O,mp-7139,1.3216006562499996
V5O14,mp-1204545,-1.9053241489473682
FeO,mp-715262,-1.4728754793750003
SiO2,mp-662706,-3.258647882499999
Tm2O3,mp-1767,-4.093502702416667
Mo9O25,mp-28777,-1.937431808786765
V2O5,mp-1245272,-1.76948576977381
Mn2O3,mp-1349371,0.8556959884525852
Ga2O3,mp-1244900,-2.1227828547500005
WO3,mp-1396391,-2.1826058934375006
W2O7,mp-825919,-1.368905918472221
SiO2,mp-600026,-3.2185452388888884
SnO2,mp-1244935,-1.4239678151666668
CoO2,mp-1349907,-0.900361570416667
ZrO2,mp-775910,-3.7593460725
VO3,mp-1178867,-1.5359129190625016
CaO,mp-1244902,-2.9955536979750006
V2O3,mp-553955,-1.8323151522500012
Pb3O5,mp-651870,-1.3226238682812497
Bi2O3,mp-684654,-1.55547729325
Mo13O33,mp-1221884,-1.912507766277173
FeO2,mp-1205429,-1.2372409249999994
Fe2O3,mp-1356129,-1.6231957197500002
Fe5O7,mp-1095382,-1.5007134476041664
SeO2,mp-726,-1.1549917699479166
HfO2,mp-550893,-3.931931065833332
PdO2,mp-1018886,-0.7283749308333327
Na2O,mp-1119338,-1.3611575472844823
Cr2O3,mp-1245327,-1.906109010124999
ClO,mp-1213922,-0.04900913374999982
Ag3O,mp-27819,-0.22466798343750005
SiO2,mp-546546,-3.237959726944445
VO2,mp-1047618,-2.3273669075
MnO2,mp-705430,-1.7116517712547892
SiO2,mp-556880,-3.1220847824999995
SiO2,mp-557814,-2.5622568961111116
Cu8O7,mp-1147761,-0.6713186694166656
Bi2O5,mp-1385941,-0.9391852212500008
GeO2,mp-1072104,-2.072132077499999
SiO2,mp-557194,-2.011670298055555
V5O12,mp-777580,-2.253011070294118
SbO2,mp-1179587,-1.7330962308333326
Al2O3,mp-1245056,-3.26063763805
TeO2,mp-1102087,-1.3773083397222212
Tb2O3,mp-2457,-3.9441253172499993
NdO2,mp-754125,-3.0575664816666666
LuO2,mp-1206244,-3.2451658891666653
V3O8,mp-1178828,-2.0113764045454547
NbO2,mp-821,-2.8951166564583324
N2O,mp-1180473,-0.08762697291666655
VO2,mp-777479,-2.455201068333333
Al2O3,mp-1245065,-3.20990569585
MgO,mp-1245045,-2.738346763375
W8O21,mp-560362,-2.1366504648706903
CoO2,mp-754720,-0.9413194858333339
SiO2,mp-554573,-3.266642216666666
C4O3,mp-1001594,-0.9011618275595238
Bi2O3,mp-1105780,-1.6156878152499998
SnO,mp-545552,-1.558902384375
WO5,mp-1095323,-0.7020901697916658
Ta2O5,mp-1218160,-3.176814397678573
U5O11,mp-684934,-3.613343366640625
V2O5,mp-1244942,-1.770603158630952
SiO2,mp-555394,1.5152696604166664
Mo2O5,mp-1409713,-1.7631439662500006
CuO2,mp-1181499,-0.49919721083333357
SiO2,mp-600038,-3.2427001235000006
Fe2O3,mp-1245019,-1.4192025158750006
V2O5,mp-1216596,-1.6500002262499993
Cr19O48,mp-780521,-1.682277906417911
Cr3O8,mp-2220540,-1.6532490209090893
V3O8,mp-1178827,-1.9804432300000008
Co15O28,mp-766681,-1.0946786604651155
V9O22,mp-776583,-2.2184816257258073
V3O7,mp-756395,-2.323478720125
Mo3O7,mp-1044452,-1.7696939421249993
SbO4,mp-1219511,-0.7370617119999998
Pb2O3,mp-655547,-1.1941588602500004
LiO3,mp-1001790,-0.6258127498958332
Al5O8,mp-1228138,-3.1541972199999995
TeO3,mp-754658,-1.3215083276041666
Ta2O5,mp-1245299,-3.1673179129166673
LiO2,mp-1018789,-1.0437512419444441
Fe3O4,mp-1185276,-1.5871206410714283
V2O3,mp-780654,-2.5045897690000003
FeO,mp-1178247,-1.3708877881249997
Mn5O8,mp-18922,-1.9573437930503974
SnO2,mp-12979,-1.8626721375
Mo3O8,mp-1173004,-1.6990122504545453
Cs2O3,mp-1185535,-0.40088621642241407
Al2O3,mp-1244874,-3.1878506262500004
SiO2,mp-1179454,-3.2575808583333323
Fe43O64,mp-530050,-1.587526547757009
Mo3O10,mp-1180348,-1.6251065378846148
Al2O3,mp-1244967,-3.2557049625500007
SiO2,mp-556537,-3.021575179444445
BiO,mp-27945,-0.9080306343749998
As2O3,mp-1189365,-1.6086277522499999
Cr3O8,mp-1043013,-1.3230944281818169
NiO2,mp-1407373,-0.48912014666666676
SiO2,mp-6922,-3.2553426425
SnO2,mp-555487,-2.0963427455555554
VO2,mp-1094031,-2.462731212083334
AlO3,mp-1182911,-1.2319613115625003
W4O9,mp-1048022,-1.9227437445192312
SiO2,mp-554755,-3.250327106770833
NO,mp-1180334,0.1058815218750011
Rh2O3,mp-1189664,-0.7992081182500002
VO3,mp-826024,-1.6643213703125008
ClO3,mp-1181699,0.09423179468750043
SiO2,mp-1199998,-3.247231482324561
SiO2,mp-1258196,-3.26132698495098
Na2O2,mp-1180226,-1.0290737564008618
SbO2,mp-13866,-1.4985342395833332
Al2O3,mp-754531,-3.3508599662500003
TiO2,mp-1245308,-3.338675506833334
SiO2,mp-600109,-3.2433725147222225
FeO,mp-754765,-1.0192846681249996
SiO2,mp-600003,-3.2592258354166663
Ce5O9,mp-760323,-3.9436002724107135
Al2O3,mp-32570,-3.39490395025
SiO2,mp-556257,-2.854763048333333
ReO3,mp-9761,-2.0295136403124996
PO4,mp-1210362,-0.8836530259166665
SiO2,mp-600052,-3.2580333550000007
PbO2,mp-20725,-1.3004952274999997
MoO3,mp-1245044,-1.7707137536624986
TmO2,mp-1206313,-3.2275821063888883
SiO2,mp-557004,-3.2542875519444454
XeO3,mp-562054,0.9558089534375003
FeO2,mp-1062652,-1.1668031524999993
NiO,mp-1180047,0.09507111562500015
TiO2,mp-1439,-3.4709436094444435
NdO3,mp-32749,-2.1293074671875
SiO2,mp-558351,-3.2554322136111105
WO2,mp-1040834,-1.5032076708333324
ZrO2,mp-963,-3.711396424999999
V2O3,mp-777698,-2.451907831250001
CoO,mp-1245089,-0.9162130646249999
SnO2,mp-856,-2.1083302008333327
TcO2,mp-33137,-1.8842128949999999
NaO2,mp-1220954,-0.7991761080172411
SnO,mp-545820,-1.6295118906249995
ZrO2,mp-1245318,-3.591786312944445
Y2O3,mp-1245291,-3.7105396469166667
MnO2,mp-755489,-1.7772091688936769
IrO2,mp-2723,-1.2617410374999984
C4O3,mp-1001608,0.747439450654762
Cr2O3,mp-1245208,-2.003825463749999
V3O10,mp-818205,-1.433533070192308
Bi2O3,mp-684617,-1.5448221205833343
VO2,mp-1412582,-2.266170145833333
Cr2O3,mp-19399,-2.3673511452499993
Rb2O,mp-1394,-1.1304228845833333
Bi3O7,mp-1044088,-1.1869391351249994
Bi2O3,mp-1190124,-1.64384505075
SrO,mp-754824,-3.026833765208333
V5O12,mp-772530,-2.233597485588234
RuO4,mp-547094,-1.1820250239999992
V3O8,mp-796383,-2.057786221136364
Mo8O23,mp-1201958,-1.931055518830644
SiO2,mp-556044,-1.8163135002777777
VO2,mp-1342978,-2.3236573650000003
V3O5,mp-714911,-2.52048555234375
RbO3,mp-1806,-0.6473896003125006
FeO2,mp-1431292,-1.1141900791666661
Sb2O5,mp-1399685,-1.5253706262499998
H2O,mp-703459,-1.2811075304166668
SiO2,mp-555521,-3.2581622695833334
V6O13,mp-1196958,-2.3923934546710526
CuO,mp-510751,-0.7638968428124997
As2O3,mp-1106211,-1.5569829602499994
PtO2,mp-1077716,-0.8870076441666667
BaO,mp-776658,-2.8051390181249993
Dy2O3,mp-1225275,-3.7565827772500007
NdO2,mp-755820,-2.9821701291666662
SiO2,mp-556464,-3.027740757222222
NbO2,mp-776975,-2.826409142499999
Al2O3,mp-1245279,-3.23374284515
SiO2,mp-1353259,-3.1034620747222226
SiO2,mp-639734,-3.2526623208333336
Na2O2,mp-2340,-1.3083302843175286
WO2,mp-1042291,-1.8026077525000008
SiO2,mp-600028,-3.254725969722222
Al2O3,mp-1247899,-3.331388841250001
V2O5,mp-1245142,-1.785285652059524
H2O,mp-696735,-1.2628732509722222
MgO,mp-1245195,-2.709303212625
NO2,mp-1771,-0.6861563608333334
Ho2O3,mp-13065,-3.9666218232499992
CoO2,mp-1063268,-0.6715473341666668
Mn3O4,mp-1279995,-1.9961099376847298
SrO6,mp-1179143,-0.8692564391666673
CsO2,mp-1181502,-0.9418455551436781
V2O5,mp-1245171,-1.7789847905357137
Ni5O11,mp-1220184,-0.5581468785156254
Bi2O5,mp-1043373,-1.1203716298214295
SiO2,mp-557017,-2.746988942916666
CoO2,mp-1062643,-0.5609777874999994
U3O8,mp-698,-3.704901789999999
FeO,mp-1283030,-1.468093673124999
La2O3,mp-1968,-3.8505073952500006
Ce11O20,mp-505619,-3.9419531148387086
Pt2O,mp-1206845,-0.0471260895833332
ClO,mp-1059242,1.2879810206249998
ZrO2,mp-776427,-3.773965577916666
Ti4O3,mp-1217135,-2.435549941369049
Fe2O3,mp-19770,-1.7078547292499997
V9O17,mp-559485,-2.46869591360577
Si4O9,mp-1179275,-2.7735007139423087
CrO,mp-1283577,-1.9670231493749988
Fe3O4,mp-715558,-1.5674207714285708
CrO2,mp-2214915,-1.8447028008333344
CO2,mp-556034,-1.7550955766666654
Ti9O10,mp-32813,-2.816345985657894
BaO5,mp-1214539,-0.8144976118749998
PbO2,mp-20633,-1.294726480833333
Na2O,mp-755072,-1.4024923139511494
Se2O5,mp-27358,-1.022971431205357
SnO2,mp-1044721,-1.9509043966666664
CrO3,mp-715566,-1.5017124290624997
K2O,mp-776081,-1.16006528825
Ce2O3,mp-20169,-2.98371995725
MgO,mp-1009127,-2.3056023943749993
Fe35O36,mp-694910,-0.7146911589436618
Al11O18,mp-1229215,-3.353097207155173
Ti3O5,mp-556754,-3.367977068593749
Pr2O3,mp-555159,-3.7095716585833336
FeO3,mp-863316,-0.5275147253125008
TlO,mp-1207075,-0.43716439104166627
Na6O,mp-1173794,-0.47223427400862084
Si2O,mp-1208867,0.6874204087500004
BaO,mp-1245298,-2.6254123053750003
B8O,mp-1228652,-0.6038172665277778
SiO2,mp-1179529,-3.1009968155555563
Cu64O,mp-1213626,0.002340799096152925
BiO2,mp-32548,-1.3750910358333333
SiO2,mp-1021503,-2.876543490833333
MoO3,mp-2704783,-1.4329212459375
Nb2O5,mp-604,-3.018479378392857
SiO2,mp-561488,-2.7834103261111114
MgO,mp-775808,-2.9681434252083334
SiO2,mp-557771,-2.657787417222222
Eu2O3,mp-647924,-3.1449742065833335
SiO2,mp-1245026,-3.109400209656863
V2O5,mp-754585,-2.2777430369642855
BaO,mp-1178514,-2.8067415968749994
Nb4O5,mp-28212,-2.468043893194445
Bi2O3,mp-714859,0.7405845947499998
V4O9,mp-715664,-2.300756042596154
SiO2,mp-554089,-3.2654390791666668
Fe3O4,mp-1104628,-0.577601242857143
SO5,mp-1179626,-0.8097716544791668
BaO2,mp-1182238,-1.7526435949999997
Cu2O3,mp-1046820,-0.6529659777499994
SiO2,mp-600045,-3.253429745416666
TlO2,mp-1188665,-0.571870629166667
SbO2,mp-1398749,-0.12457016916666674
Pb2O3,mp-608439,-1.2669407842500007
Pr6O11,mp-8825,-3.2323663928676467
Mo4O11,mp-542610,-1.9327313805833342
SbO2,mp-1350908,-1.6664271658333334
Cu2O3,mp-755040,-0.7877900772499998
FeO2,mp-1350825,-1.0895115029166658
VO2,mp-566801,-1.9771678574999996
NiO2,mp-25210,-0.6851599525
Ti8O13,mp-752989,-3.354230672400795
SiO2,mp-7029,-3.265118449166666
Ni5O6,mp-754806,-1.0690330884090913
Na2O,mp-1974948,-1.3623054383955937
V3O5,mp-1272338,-2.52314090921875
HfO2,mp-685097,-3.9920379508333332
H2O,mp-557082,-1.2476938484722224
CO2,mp-1190699,-1.761684207499999
Au2O3,mp-27253,-0.45861677125
Fe3O,mp-1184320,0.7698755315625014
As2O3,mp-1105631,-0.4810509227499999
Re3O10,mp-1173333,-1.0741300263461528
SiO2,mp-554543,-3.254962514166667
SiO2,mp-1398433,1.3935953374999996
CeO2,mp-20194,-3.9293112975
MoO2,mp-25571,-1.7715081958333332
CdO,mp-13119,-1.3581268593749996
CoO2,mp-1344053,-1.0563791154166668
W3O10,mp-826025,-1.768997819807692
NdO,mp-754197,-3.0465061156249993
Ce7O12,mp-2629,-3.919818187894736
K2O2,mp-2672,-1.296080388375
TiO,mp-754333,-2.776261881041668
MnO2,mp-510732,-1.6386222101436776
Tb2O3,mp-32927,-3.5039917152499997
UO3,mp-8134,-3.4992350590624994
SiO2,mp-554665,-3.0687620712499997
SiO2,mp-667448,-3.030081118680556
CrO3,mp-510421,-1.5121615978124998
Bi4O7,mp-1227527,-1.4288976464772718
SiO2,mp-542814,-3.2636180062500006
Mn2O3,mp-1203190,-1.9382771405474144
CoO2,mp-1272680,-1.067482818333333
Cr3O,mp-714896,0.08179557406250026
CoO2,mp-1278455,-1.0691860216666669
MoO2,mp-714883,-1.8124557858333337
BaO10,mp-1182404,-0.5615345934090906
Bi2O3,mp-1383505,-0.7555198472500002
Nb2O5,mp-1201852,-3.02960791517857
LaO3,mp-723463,-2.0311747403124993
SiO2,mp-560155,-3.247590213981482
TiO2,mp-766454,-3.4378426625
Ta2O5,mp-1245285,-3.1708120037738095
CoO2,mp-550206,-1.0748977525
SiO2,mp-554682,-3.2571628365972223
ZnO,mp-1017539,-1.4913126668749994
Al2O3,mp-684591,-3.3019281715000006
SiO2,mp-600005,-3.2525175112499998
BiO2,mp-1351349,-1.3912724277083324
Au2O3,mp-658803,-0.4324189632500001
Sb2O3,mp-1205345,-1.7460069542499994
CrO2,mp-1394584,-1.9822816525000004
MnO,mp-999539,-1.9746518895905165
CO,mp-556660,-0.6510385424999994
W3O8,mp-1041679,-2.0016550945454554
VO2,mp-755394,-2.3867796508333328
Tb11O20,mp-17987,-3.445503480806451
SbO2,mp-1047300,-1.5581348516666662
Br2O,mp-28460,-0.12247265291666605
H2O,mp-673658,-1.1796023270833327
CrO3,mp-1330490,-0.7728560873958337
VO2,mp-1021522,-2.4479038195833334
TiO2,mp-25433,-3.349885186944443
Al2O3,mp-638765,-2.6273498162500006
SnO2,mp-1352191,-1.885420849791667
ZrO,mp-10197,-2.560540914375002
Al2O3,mp-1244918,-3.1409453899499997
SrO6,mp-1179128,-0.8565403413095244
SiO2,mp-663422,-3.057746466666666
CoO2,mp-1041988,-0.8278351341666669
CoO2,mp-756488,-0.9616877983333332
HfO2,mp-1245112,-3.8107513801470576
Ti3O5,mp-556480,-3.3737584410937504
NiO2,mp-634706,-0.27408996583333334
Cu2O3,mp-760432,-0.8288378852499996
Fe3O4,mp-31770,-1.6286626464285712
BaO4,mp-1182433,-1.188967481999999
SiO2,mp-560920,-3.256426236458333
Mo9O26,mp-27701,-1.9331141482142853
GaO5,mp-1213655,0.14235319583333408
V2O5,mp-1245198,-1.7711331503452379
Nb2O5,mp-10426,-2.6931318062500003
NO2,mp-2789,-0.6871283741666664
Re2O9,mp-1179674,-1.3188550235227283
NbO,mp-2311,-2.2882970777083336
Er2O3,mp-1225560,-3.9215428812500006
CrO2,mp-1446026,-0.13725250583333448
ZnO2,mp-1102744,-1.0269461183333337
YO2,mp-1977753,-2.9925651163888887
WO2,mp-19372,-2.0375147208333324
HfO2,mp-1245226,-3.803886569166667
Si2O,mp-1063118,-0.8383760262499997
CrO,mp-754983,-1.810005558124999
CuO,mp-1147768,-0.6658790793749999
SO3,mp-561397,-1.5752156017187495
SiO2,mp-1365799,-3.069206479583333
BO3,mp-1214764,-0.9156837438541663
MnO2,mp-1350912,-1.5604242520186773
Fe3O4,mp-715275,-1.532000916428571
MoO2,mp-1383701,-1.939906165
IrO3,mp-1021489,-0.8688939865625
SiO2,mp-1268079,-3.2531560211979165
Fe4O5,mp-1188678,-1.5199439943055557
ZnO,mp-997630,-1.618291606041667
V2O5,mp-1245137,-2.182102201297618
Fe3O4,mp-650112,-1.5865661869642855
Fe2O3,mp-1245277,-1.3635598301250007
GeO2,mp-733,-2.0779210630555562
TiO2,mp-2420244,-3.49240952111111
TiO2,mp-1041565,-3.465255557777777
SiO2,mp-557211,-3.256854063333334
SiO2,mp-604717,-3.087009545000001
Pd7O8,mp-684657,-0.7306430404444453
GeO2,mp-10913,-2.0370275574999996
CoO,mp-19079,-1.2481017593750003
Al2O3,mp-1244892,-3.18080293395
SbO2,mp-1400172,-1.5659893849999993
NbO3,mp-1220361,-2.4672685290624994
VO2,mp-755411,-2.4186308458333334
CoO2,mp-1181781,0.228290975833333
SiO2,mp-8352,-3.2556495358333333
SbO2,mp-560098,-1.837182935833333
Ta2O5,mp-1218194,-3.2884603233928584
SnO,mp-999142,-1.1848437018749998
SiO2,mp-1201887,-3.2555457084722215
VO2,mp-18248,-2.4341095908333323
Ti10O13,mp-753593,-3.1383564572644933
VO2,mp-20593,-2.3972661491666662
Pd7O8,mp-1219936,-0.7217656499999995
Tb2O3,mp-13063,-3.9283984952499993
CaO,mp-545512,-3.241617494375
MgO2,mp-2589,-2.021607005833333
NO,mp-31000,0.029443363125000843
W17O47,mp-1179615,-1.290312364863281
Lu2O3,mp-1427,-4.124841720499999
Ce2O3,mp-1182200,-3.569023305249999
HfO2,mp-1224381,-3.9290428174999996
Ag2O,mp-38238,-0.21429006291666633
Sb3O14,mp-1179595,-0.21891315691176438
U3O8,mp-559906,-3.704795527272726
V2O5,mp-25280,-2.280971442321428
Rb2O,mp-755738,-1.1016408129166664
AlO3,mp-1182877,-1.2639664715625
SiO2,mp-1250639,-3.258793386972223
SiO2,mp-683952,-2.5420468431944445
TiO,mp-1245324,-2.5733047708416676
Al2O3,mp-1245323,-3.01045829925
BiO2,mp-1402765,-1.3874170283333325
Pr2O3,mp-2063,-3.71032058725
SiO2,mp-556319,-3.145906096666666
ZrO2,mp-556605,-3.792939854999999
Gd2O3,mp-20470,-3.8442607912499995
Al2O3,mp-1245104,-3.1614420162500005
Ta4O,mp-29727,-0.7147914677500011
ZrO2,mp-2858,-3.8144659508333327
SiO2,mp-615993,-3.2560362465476183
RbO2,mp-12105,-0.9731084916666664
Mo8O23,mp-560190,-1.9382252586693538
CuO2,mp-705439,0.6220298175000002
SiO2,mp-560998,-3.257138921944445
SiO2,mp-559928,-3.2419343697222223
SiO2,mp-561090,-3.2527857095588235
CdO,mp-1132,-1.365347709375
WO2,mp-1445593,-1.9316464741666657
PuO2,mp-867166,-3.561024254166668
NdO2,mp-1101458,-2.8534677316666666
Al2O3,mp-1143,-3.4273143842500007
W5O14,mp-705284,-1.3964048961842097
NbO2,mp-1244881,-2.6906100192647053
Ti6O,mp-554098,-0.9168771769642855
SbO3,mp-1105545,-1.3079083365625
Li2O2,mp-1180619,-1.3617745110416664
BeO,mp-1244907,-2.846052812875
PtO3,mp-768247,-0.6090797228125
CrO2,mp-1102412,-2.020787258333334
CuO2,mp-504100,-0.5202602125000002
FeO2,mp-540003,-1.103317740833333
Mn15O32,mp-867971,-1.6284529082758625
Er2O3,mp-13066,-3.98396603325
Cr8O21,mp-1181818,-1.2031042177155171
CoO2,mp-1359404,-0.9982196286111112
Al2O3,mp-754624,-3.3618188582499995
Al2O3,mp-1244994,-3.1884762376499998
CrO2,mp-1044871,-1.872311155000001
SiO2,mp-600091,-3.2554116608333343
Ti9O10,mp-1217149,-2.768037961447369
Al2O3,mp-1244947,-3.2587647849500003
VO2,mp-1273559,-2.42170376361111
Tb2O3,mp-1217673,-3.739782499249999
AcO,mp-1183172,-2.926095970624999
Ti4O5,mp-10734,-3.0917666618981485
Li2O,mp-1245303,-1.9034478740604577
P2O5,mp-1172859,-0.6324995389880945
SiO2,mp-555355,-2.4753263088888895
WO2,mp-1047616,-1.644410470833332
SnO2,mp-1047381,-1.8034517525000002
SiO2,mp-10948,-3.0138404291666663
SbO2,mp-1402558,-1.6771783033333325
BeO,mp-2542,-3.103491949375
Rb2O,mp-753746,-1.1335924712499998
SnO2,mp-1245282,-1.6052941368137252
CrO,mp-1178414,-1.8138171385416666
V6O13,mp-18896,-2.3925878954605255
SiO2,mp-560836,-3.045163411111111
UO,mp-7830,-2.6091380643749993
Ga4O5,mp-1212799,-1.5787935593055553
OsO2,mp-996,-1.3442490658333337
SnO,mp-1078644,-1.504888936875
ZrO2,mp-775980,-3.7635520013888897
Sm2O3,mp-218,-3.8627158434999997
BeO2,mp-1182215,-1.3579635149999991
Cu8O7,mp-760084,-0.8321325794166654
Ti5O8,mp-759920,-3.339507448205128
Al2O3,mp-1245183,-3.22713036955
SnO2,mp-550172,-2.106079344166666
CrO3,mp-756041,-1.4597775015624999
Y2O3,mp-673247,-3.478809773916666
SiO2,mp-572283,-3.1084340216666657
TiO,mp-1244944,-2.6066436711416667
SiO2,mp-32667,-3.0268009725000002
TeO2,mp-561224,-1.4829843563888883
SiO2,mp-600032,-3.2555740523611103
BaO6,mp-1182169,-0.8993165775000003
MoO3,mp-715584,-1.9229003503124993
Pb2O,mp-551685,-0.6240882295833335
SeO3,mp-734430,-0.7284122746484378
MoO2,mp-510536,-2.0224033841666667
BeO,mp-7599,-3.091754320625
WO3,mp-553964,-2.1843290071875003
SiO2,mp-600001,-3.242733481166667
WO2,mp-1245020,-1.5286488718137246
SiO2,mp-557881,-3.2550308752777775
VO2,mp-1420871,-2.215722482500001
Al2O3,mp-1247880,-3.32758032925
ZrO2,mp-776404,-3.805636642916666
OsO4,mp-551905,-1.5287480270000002
Pb3O4,mp-21452,-1.4473265839285712
SiO2,mp-555251,-3.2572758641666657
In2O3,mp-1245202,-1.5854220308499998
Mn20O43,mp-1222372,-1.6066239138868372
Al2O3,mp-684713,-3.2243715922500003
V2O5,mp-776041,-2.255756168392857
MgO,mp-1244962,-2.7247385862500004
As2O3,mp-2184,-1.6204668902500003
Mn2O3,mp-510604,-2.007899875172414
Fe3O4,mp-1181546,-1.5699819985714285
MnO3,mp-1086672,-0.8751907047952585
MoO5,mp-1180197,-0.5315522364583328
TeO3,mp-2552,-1.3225138119791664
Fe2O3,mp-1244869,-1.4183451102499993
NiO2,mp-25206,-0.2338720091666661
V3O8,mp-1179073,-1.0143139190909096
SiO2,mp-600076,-3.2398656890833335
NO,mp-1180282,0.03720471812500126
Sn3O4,mp-1179450,-1.4793633128571422
SiO2,mp-685184,-2.86831341838889
BaO,mp-7487,-2.6926142118749996
InO,mp-1184809,-1.3554568718749995
SiO2,mp-557894,-3.2521638110416657
ReO3,mp-190,-2.136339980312501
Nb2O5,mp-766361,-3.0232374025357145
Ti2O3,mp-1179268,-2.9259159125833336
ZnO2,mp-1178720,-0.7342833966666665
VO2,mp-715517,-2.425469622291667
TiO2,mp-1445035,-0.7643548402777766
TbO2,mp-2458,-3.1891409691666666
SnO,mp-1245076,-1.4406032563750002
Mn2O3,mp-565203,-2.0145225852974136
ZnO2,mp-1178680,-0.38358309194444395
PtO2,mp-7868,-0.9228279508333325
Ti3O4,mp-1217157,-3.1645488421428576
Li2O2,mp-558312,-1.5080821547916665
AgO,mp-8222,-0.13970529270833332
CoO2,mp-1244948,-0.38431434172222223
Fe7O9,mp-705558,-1.405486681171875
SO4,mp-726080,-1.1235284066249995
TmO3,mp-979074,-1.9943170957291665
Ta2O5,mp-1392387,-3.33537209125
CO2,mp-1190685,-1.2598433108333325
SiO2,mp-559860,-3.1076503279166663
U6O11,mp-761153,-3.606754880367646
WO3,mp-1245267,-1.9473572387624996
Bi2O3,mp-759526,-1.6287709857115382
NO,mp-1180220,0.02877019812500059
W18O49,mp-907,-2.1542015356529856
SiO2,mp-18280,-3.25959398638889
MgO,mp-1190649,-2.900431503958334
MnO2,mp-755671,-1.7931762584770112
Fe10O11,mp-705555,-1.491624208630951
Bi4O7,mp-30303,-1.5880278887499997
HoO3,mp-1184841,-2.001591927812499
HfO2,mp-776532,-3.9958230224999993
CrO2,mp-714929,-1.863988455833334
ZrO2,mp-775909,-3.764021249166666
TbO3,mp-1025387,-2.0468426728124998
SiO2,mp-600060,-3.256224107847222
AlO2,mp-1182869,-2.6272060191666657
N2O,mp-1221446,-0.18822255124999998
KO2,mp-1223320,0.0014839265000000286
V5O9,mp-714932,-2.4881581431250015
As2O3,mp-1581,-1.62984792675
Yb3O4,mp-1194318,-3.013081018928571
V5O12,mp-754451,-2.2914377397058825
CaO10,mp-1182183,-0.5254243679545451
V4O7,mp-2506981,-2.3514193910227266
GdO2,mp-1181235,-3.1035356408333334
SiO2,mp-1249637,-3.2536183250595236
TiO2,mp-1380335,-3.331413184444445
CoO2,mp-1278937,-1.0243187591666671
FeO,mp-1178239,-1.1820882981249996
V2O5,mp-1244985,-1.7653339715833334
P2O5,mp-2452,-2.439768723630952
FeO2,mp-1097003,-1.1478548641666666
ZnO,mp-1245209,-1.5466893455000004
HoO3,mp-1025565,-2.0675100678125
Fe2O3,mp-565814,-1.6365558334999997
BeO2,mp-1214291,-1.4325746374999997
CO2,mp-995198,-1.451747043333332
Ge2O3,mp-982048,-1.48766034725
CoO2,mp-504097,-1.0240452858333338
TiO2,mp-1201727,-3.43512667236111
Mn7O12,mp-754430,-1.8682819421324866
AgO,mp-1288,-0.4012183395833331
Cr3O8,mp-754874,-1.6459106295454533
SiO2,mp-558366,-2.4820366829166662
V2O5,mp-1245221,-1.810039416916666
Ga2O3,mp-1181342,-0.3892227222499997
WO3,mp-18773,-2.1858130921875
Fe21O23,mp-706875,-1.4811452157102267
BaO,mp-1342,-2.8242788543749993
Fe2O3,mp-776606,-1.5848331754999996
SiO2,mp-558733,-3.009988136944445
SrO10,mp-1179224,-0.5396236794696964
Cr3O4,mp-756253,-2.171645359285713
SeO4,mp-1179144,-0.3783161814687503
GeO2,mp-470,-2.0741292391666657
Zr3O,mp-561418,-1.5455791746874992
Mn2O3,mp-1306224,-1.9643657304224136
As2O3,mp-1582,-1.6233947007500007
FeO,mp-1274279,-1.482155534375
CrO,mp-755286,-1.8015197068750008
VO2,mp-714944,-2.3429933225
V6O13,mp-715617,-2.374658647039474
UO3,mp-21858,-3.5301556146874997
SiO2,mp-600018,-3.256455126944445
MnO,mp-1232659,-1.9771224720905174
C3O2,mp-561848,-0.5532107037499998
SiO2,mp-556068,-3.1331450065277773
MnO,mp-19006,-1.979855143340517
CO2,mp-1077906,-1.7392546216666662
SiO2,mp-600085,-3.2498819908333334
V2O5,mp-25288,-2.276988353392856
P2O5,mp-1245218,-1.88364556425
Mn2O3,mp-778470,-1.9358317981724142
Ni3O4,mp-656887,-1.0474770942857146
Al2O3,mp-754401,-3.3817142822500004
Pu2O3,mp-21423,-3.40285150925
Co3O4,mp-1271940,-1.2119238307142848
SbO2,mp-1045682,-1.7012005333333324
Sb2O7,mp-1219528,-1.0255255084722217
WO3,mp-545665,-2.1808943282291673
KO2,mp-1180711,-0.9672495876666662
SiO2,mp-555891,-3.260204114166666
Bi2O3,mp-1204405,-1.6102076947500001
Bi2O5,mp-1042373,-1.1001968225000007
Rb2O,mp-1101405,-1.117382689583333
Ti3O7,mp-1179358,-2.914626728124999
Ti9O13,mp-1045643,-3.127534334715909
SiO2,mp-600050,-3.2035860920833334
CoO2,mp-556750,-0.9186185041666673
PdO2,mp-752735,-0.4978899091666662
SiO2,mp-600037,-3.250282190625
V2O5,mp-510568,-2.2600109869642853
Co2O3,mp-1043418,-0.9401531962499995
V4O7,mp-1179536,-2.0132085505681827
Fe2O3,mp-1245078,-1.4020335891249993
ZnO,mp-1986,-1.7844136993749995
V12O29,mp-773019,-2.2845907069207314
V9O22,mp-849581,-2.273355622983872
SiO2,mp-639682,-3.238918177166667
Cs2O2,mp-1213702,-0.930074593340517
Mn21O40,mp-849596,-1.7971094696156016
Sb5O14,mp-1219538,-1.4960640180263154
TiO2,mp-34688,-3.4944012052777773
VO2,mp-1446045,-2.344016516250001
Bi16O25,mp-757852,-1.592988167774391
W2O7,mp-1178760,-1.644036536805555
SiO2,mp-545719,-3.1184137916666668
N2O3,mp-726720,0.5849164747499997
MoO4,mp-1300873,0.17363726600000007
SiO2,mp-667373,-3.2569982751785704
CuO2,mp-600604,-0.4161522525000005
SiO2,mp-1195265,-3.2560277124305563
Bi2O3,mp-637599,-1.30422792775
Fe2O3,mp-1245154,-1.3869784562499994
NaO2,mp-1901,-0.914078931350574
AlO3,mp-1205393,-1.4628599928124997
SnO2,mp-1356217,-1.8102163563888891
PO4,mp-726666,-1.3265983531666663
V2O5,mp-1245312,-1.7720483185357148
Ag2O3,mp-1046809,-0.12330234591666667
V2O5,mp-1244925,-1.7919208038690473
SiO2,mp-651707,-3.256638691547618
Fe2O5,mp-1147691,-0.8456894976785705
SiO2,mp-554267,-3.2516308810416663
KO2,mp-21325,-0.9374495284999996
Pb3O4,mp-22633,-1.4477081792857136
CuO,mp-25229,-0.3540229343749992
KO2,mp-1071539,-0.7880502934999996
Ti9O17,mp-27273,-3.4493589897596144
Rh2O3,mp-542734,-1.0679673702499997
BeO,mp-1794,-2.6220172218749997
GeO2,mp-7812,-2.0773321133333322
TiO2,mp-554278,-3.502486250277778
CO2,mp-644607,-1.759360934999999
NbO2,mp-754698,-2.7988056724999986
Y2O3,mp-13061,-3.899476393916666
Co7O12,mp-2215229,-1.0133235784210528
U12O19,mp-684907,-3.3191142798790314
VO2,mp-1274771,-2.4095334999999998
NaO2,mp-614,-0.894266153017241
NaO3,mp-22464,-0.6017329232004309
VO2,mp-777469,-2.4427902558333323
BeO,mp-1245079,-2.7929390966749996
CoO2,mp-1178540,-1.055771514583333
YO3,mp-1206099,-2.0220473544791666
W9O13,mp-1342882,-1.036529387897727
Nb2O5,mp-1101660,-2.9749265276785715
SbO2,mp-22071,-1.3784535737499997
SiO2,mp-639478,-3.2526521379166664
MnO,mp-1238899,-1.900066883340516
CrO2,mp-1181747,-1.9920013783333335
SiO2,mp-560131,-3.1762590129166663
SiO2,mp-556654,-3.260307280833334
Nd2O3,mp-33029,-2.85348641425
SiO2,mp-639741,-3.2552919223611116
Mo2O,mp-1221492,1.4466892304166663
SiO2,mp-600070,-3.250629156979166
LaO,mp-1206710,-3.2049657918750007
Ag2O,mp-754338,-0.29020675319444383
BaO2,mp-1105,-2.1710408591666663
Fe15O16,mp-705551,-1.442219958387096
FeO2,mp-1395285,-1.165244467499999
Ni3O4,mp-754800,-1.006270375714286
Lu2O3,mp-13068,-4.03235188325
SiO2,mp-556027,-2.7444892069444444
Ti7O8,mp-779692,-2.9246792822222223
Fe2O3,mp-1068212,-0.84824511725
SnO2,mp-562610,-1.8219121408333336
Al2O3,mp-754812,-3.3744798062499997
Fe4O13,mp-1181411,-0.4252586231617645
SiO2,mp-554258,-3.2592095518749997
MoO3,mp-1393075,-1.8594148296875002
PrO,mp-11344,-3.0469330918749993
AlO3,mp-1182868,-1.4875928353125003
Ta2O5,mp-676422,-3.026037863392858
ZrO2,mp-1190186,-3.795045479166666
SiO2,mp-557930,-3.236352910416666
Sn3O4,mp-1104544,-1.5801226757142852
TeO3,mp-1178977,-1.2837992157291662
Al2O3,mp-685036,-3.316523089500001
HfO2,mp-1244885,-3.766148783284313
V4O9,mp-1370177,-2.25700374798077
Fe3O4,mp-715614,-1.177647434285714
Al38O21,mp-1245250,-1.8465472500635598
Ti2O,mp-1217152,-1.9861830918055565
FeO2,mp-821313,-1.1488548424999994
YbO2,mp-1178667,-2.086614585833333
CuO,mp-510752,-0.7906463531249992
FeO2,mp-1355579,-1.1434772141666665
SiO2,mp-558374,-3.2400860681944454
Y2O3,mp-558573,-3.923548730583332
Ho2O3,mp-1223904,-3.7714522332500002
GaO2,mp-1181290,-1.5123538083333325
UO4,mp-725199,-2.522373817499999
Fe3O4,mp-1192788,-1.5371407514285715
BaO3,mp-1206655,-1.2040639253125
In2O3,mp-1245022,-1.4161336637499995
Pr5O9,mp-583714,-3.2234532154464284
Si6O13,mp-1173536,-2.277790353881579
H2O,mp-558226,-1.2488305218055555
PtO2,mp-617,-0.9226507191666661
Bi2O5,mp-1043783,-1.0616397483928577
AgO,mp-1079720,-0.4060506327083333
U3O8,mp-548170,-3.4622475499999994
V2O3,mp-1043388,-2.299774538250001
Fe2O3,mp-1378486,-1.43268130975
NdO2,mp-31049,-3.1605061199999995
SiO2,mp-557837,-3.2618716258333325
V6O13,mp-19457,-2.3830095454605256
GeO2,mp-2633,-1.8533183033333323
MoO3,mp-715474,-1.8659736071875006
Tm2O3,mp-556253,-4.042307559249999
TiO2,mp-1408285,-3.3214331777777772
Ce2O3,mp-561149,-3.728823522583333
K2O,mp-936219,-1.2088264615833335
TiO,mp-1071163,-2.908592426041667
Ti2O3,mp-1188323,-3.2797465810833346
Mn2O3,mp-771717,-1.9264804854224138
SiO2,mp-985570,-3.25879104875
MoO4,mp-1221467,-1.0343372110000004
VO2,mp-715553,-2.4096188858333343
H2O,mp-684704,-1.1984131804166662
SiO2,mp-558947,-3.2582549121527773
ZnO,mp-2133,-1.7915352593749994
MoO5,mp-796331,-0.6149639681249989
V2O5,mp-1245061,-1.7609995388214288
Fe23O32,mp-776135,-1.5597522541818194
Rh2O3,mp-1179690,-0.945061538249999
V7O13,mp-715598,-2.4777898019374986
SiO2,mp-7648,-3.260573359999999
Al2O3,mp-2637304,-2.644134333250001
SiO2,mp-555147,-3.179074593333333
Cs3O,mp-510262,-0.9284967581357755
Mo5O14,mp-30544,-1.936308282894736
Pu2O3,mp-637224,-3.4938540592500003
Pb2O3,mp-690722,-1.1925390167500005
FeO,mp-756436,-1.3665272493750003
MgO,mp-549706,-2.979900216874999
B8O,mp-758933,-0.6004884509722227
V2O3,mp-796380,0.3785593012499994
Nd2O5,mp-985608,-2.6809433855357137
In2O3,mp-1105681,-1.9483086522500002
V6O13,mp-1201338,-2.3930997162500005
H2O,mp-32959,-1.2145675395833326
TeO3,mp-1101301,-1.3426353644791664
TiO2,mp-1101022,-3.463720511944443
SiO2,mp-600039,-3.233502970277778
SiO2,mp-558569,-3.195066120555555
Sb2O3,mp-560607,-1.5823618292499995
Mo3O10,mp-1180281,-1.5913274798076928
H3O2,mp-1212478,-1.1116558779999999
CeO,mp-10688,-3.234797996875
N2O3,mp-616407,-0.44560381774999913
VO,mp-1273331,-2.050192159375001
Ta22O21,mp-684943,-1.7301636342732563
Al2O3,mp-1245191,-3.24952481065
SrO,mp-754282,-2.987596000208333
YO2,mp-1178684,-3.028742428055555
Cr2O5,mp-1402326,-1.4993424005357139
Fe3O4,mp-1182229,-1.5146571667857143
NiO2,mp-1041980,-0.6627283441666663
Ti2O,mp-1245206,-1.6934442936683007
HgO,mp-7826,-0.6374029002083335
Ti2O3,mp-1046793,-3.1744141015833334
Br2O3,mp-28933,-0.23302579475000015
NiO2,mp-1041256,-0.5617217924999997
Rh2O3,mp-613620,-1.0707886184999993
SiO2,mp-600054,-3.249736253177083
SiO2,mp-555823,-2.4825405366666664
SiO2,mp-560826,-3.2560754505555565
SrO10,mp-1208655,0.09037704962121298
CrO2,mp-1389152,-1.8829792408333337
V7O4,mp-1205504,-0.8884796586363628
SiO2,mp-1244945,-3.1527887658333333
Sb2O5,mp-647533,-0.660184730178571
FeO2,mp-1359196,-1.1524934091666656
ScO2,mp-1206234,-3.033763837499999
Pr5O9,mp-559956,-3.2603045368750005
SnO,mp-1065811,-1.1858987718749994
Sc2O3,mp-754455,-3.8831755992499994
UO4,mp-687150,-2.520671430999999
MnO2,mp-1221542,-1.3787162918103444
Al2O3,mp-684677,-3.266154892750001
Np2O5,mp-554714,-3.449429255892856
V2O5,mp-1245153,-1.771852889488095
Ni9O13,mp-1045896,-0.8114516038068179
Al2O3,mp-1244981,-2.9929031960500003
Mo3O8,mp-25274,-1.6284771345454538
Mn2O3,mp-1182678,-1.592968893422413
Bi2O3,mp-673244,-1.55120521125
ZrO2,mp-754403,-3.7995736858333324
Dy2O3,mp-13064,-3.94852765125
TeO3,mp-1337236,-0.6450936040625
Al2O3,mp-1244954,-3.233140916650001
Sb2O5,mp-1043381,-1.7114440919642857
U3O5,mp-752998,-3.4285667229687498
VO3,mp-1207792,-1.6929623928125004
Y2O3,mp-1244949,-3.7457259703166663
FeO2,mp-1384466,-1.1034665541666655
Ti2O3,mp-776456,-3.2341446552499993
Fe5O7,mp-1326275,-1.4583116517708337
VO2,mp-1396942,-0.18979862249999968
VO2,mp-1277428,-2.421007415833332
CoO2,mp-755508,-1.0138201391666672
V2O5,mp-754670,-2.280808328392856
TiO2,mp-1386640,-3.3556382352777767
Sn3O8,mp-1219002,-1.2711567159090906
V4O7,mp-1178831,-2.1131734337499997
Ti2O3,mp-776655,-3.2252311955833335
SiO2,mp-667377,-3.25395230220238
SiO4,mp-936187,0.3744812023333329
SiO2,mp-1201738,-3.222126637083333
NbO2,mp-755690,-2.8592965274999984
V7O3,mp-542910,-0.43657543162500045
NiO2,mp-35925,-0.688406979166667
VO3,mp-1208572,-1.0137494703125007
SnO2,mp-1245178,-1.8341292978333337
SbO2,mp-1819,-1.8364036091666662
HgO,mp-545619,-0.4907864268750002
SiO2,mp-556662,-3.1977649491666664
Re2O7,mp-1342139,-1.3931801373611106
Ta2O5,mp-1539317,-3.3364807426785723
Cu8O,mp-31217,-0.09738770541666655
FeO,mp-1244983,-1.2043349178750007
V2O5,mp-1245101,-1.806850135107143
Al2O3,mp-1245080,-3.250318889150001
V2O5,mp-1245058,-1.777081733202381
ScO3,mp-1186987,-1.7884743565624994
SiO2,mp-733790,-3.2651910476388886
Ti10O11,mp-684733,-2.8567819385515865
SiO2,mp-1200685,-3.1670633606250003
SrO2,mp-726705,-2.1967031805555557
Fe8O9,mp-763787,-1.4872870428676475
Dy2O3,mp-555574,-3.967497649916667
PO3,mp-1209592,-1.940738857395833
Sb3O7,mp-1044095,-1.6637833891249998
SbO2,mp-1419175,-1.4515716925
AlO3,mp-2646975,-1.7565086915625
Cs2O,mp-7988,-1.1890541082040225
WO3,mp-32662,-2.1820441015625
NbO2,mp-25214,-2.615105260833333
BeO2,mp-1182269,-1.5816181316666658
SiO2,mp-546794,-3.2680320891666663
SiO2,mp-558203,-3.1847756258333324
B2O3,mp-717,-2.7731687479166665
CO2,mp-11725,-1.7633990916666658
Nb4O9,mp-1232391,-2.786757656057693
CrO3,mp-1387606,-0.6221769815624993
Mn2O7,mp-28338,-0.881396780929118
Mo2O3,mp-1371699,-1.4910910367500008
VO2,mp-547074,-2.4794739641666674
ZrO2,mp-776386,-3.726176274999999
CoO2,mp-796278,-0.9173528941666665
PrO2,mp-1101864,-3.0003497874999994
SO2,mp-27726,-1.5230445552083332
U3O10,mp-729279,-3.1569549636538463
Al2O3,mp-1938,-3.3339584707499994
H2O,mp-684678,-0.8345522381547622
Cr8O21,mp-689946,0.361695003663792
PaO2,mp-862855,-3.848716717499999
FeO,mp-1245168,-1.1764608136250003
MoO2,mp-1412175,0.02825249083333266
Ta11O2,mp-936295,8.984753882884617
Fe9O13,mp-1342828,-1.4241482015340912
V2O5,mp-729713,-2.2503388041071424
P2O5,mp-689684,-1.7070378350595234
LaO3,mp-1405076,-1.7053683603124998
Ni5O4,mp-1220234,-0.7325863138888893
CoO,mp-1244882,-0.8832788538750002
Pm2O3,mp-556584,-3.8061021342499988
HgO2,mp-1181027,-0.061226960833333045
TiO2,mp-1426806,-3.3506841802777765
MgO,mp-1265,-3.0540402993749995
Cr2O5,mp-1397432,-1.6703753041071425
ErO,mp-1184211,-3.128182544375
Al2O3,mp-1245081,-3.2261911170500004
Fe8O17,mp-1182503,-1.116021203749999
WO2,mp-1047232,-1.9289253049999988
HoO2,mp-1206243,-3.1845113774999994
TeO3,mp-1179069,-1.026025586666666
CaO,mp-1245305,-3.011277223475001
Al2O3,mp-1245063,-3.2233602219500006
WO5,mp-796339,-0.6658120977083328
ClO3,mp-22869,-0.3401717515625
TeO4,mp-1178951,-0.6373096533333331
W3O8,mp-715557,-2.14042799909091
SrO2,mp-2697,-2.2063055413888883
SiO2,mp-640917,-0.845594414722222
SiO2,mp-12787,-3.257661108611111
Fe2O3,mp-705547,-1.5480017975000002
ZnO,mp-1245015,-1.5425855135
NdO2,mp-754317,-2.8531707883333333
Zr2O,mp-753629,-1.99127023013889
SiO2,mp-561351,-3.255953407361111
SiO2,mp-639695,-3.2524043366666664
NbO2,mp-1245189,-2.639418240343137
Sm2O,mp-1219175,-2.0478070195833347
SiO2,mp-555483,-3.250054970833333
Pu3O2,mp-867185,-2.141648000500001
Fe13O19,mp-1195927,-1.3917822464453122
V3O5,mp-30987,-2.494097672968749
RbO2,mp-33234,0.06198462666666652
Ga2O3,mp-1243,-2.23996648525
Tl2O3,mp-684956,-0.9711236165833335
V2O5,mp-1245040,-1.7654417054880955
MnO,mp-1238773,-1.617526593340516
SnO2,mp-1390618,-1.9550537275
Mo4O5,mp-543061,-1.004196100972223
Na2O,mp-755413,-1.3599867956178162
CrO2,mp-1102170,-1.9500978566666671
Gd2O3,mp-643084,-3.8559037912499985
Pb3O,mp-1186448,0.001742042812500344
Al2O3,mp-1247845,-2.3335049940500006
Al2O3,mp-1244940,-3.2381496211500007
As2O5,mp-1413546,-1.561465461607143
La2O3,mp-557691,-3.8453026825833336
Fe3O4,mp-1182249,-1.5935326048214284
V25O32,mp-685164,-2.294430049824561
CdO2,mp-2310,-0.8544217141666662
MnO2,mp-1221574,-0.23929696347701204
LiO8,mp-1236522,-0.35813734148148135
GdO,mp-7870,-3.0482210343750005
Si2O5,mp-862998,-2.228294144821428
NbO2,mp-1244973,-2.6388125279901953
K2O,mp-971,-1.2482826515833334
VO2,mp-714960,-2.322608968333334
Bi2O3,mp-556549,-1.6386268472499999
SiO2,mp-1179488,-2.173284263452381
GaO3,mp-1181293,-0.8055553440624994
Cs2O2,mp-7896,-1.231147098340517
SiO2,mp-653763,-3.2507153211904756
Bi2O3,mp-1046792,-1.48308413425
SiO2,mp-1179447,-3.252410340416666
FeO2,mp-25236,-1.149507912499999
CoO2,mp-1062939,-1.073180674166667
SiO2,mp-556469,-3.2563476918749994
SiO2,mp-638035,-1.4433351480555554
PdO,mp-10728,-0.3411775593749997
U3O10,mp-728122,-3.145483373653847
Cu5O7,mp-1045868,-0.6803931684374991
BaO,mp-1244871,-2.619911859775001
SiO2,mp-558025,-3.256247684722223
BiO2,mp-557993,-1.4771273824999998
V3O8,mp-1178850,-1.261334470909091
AsO2,mp-1182387,-1.4305668883333327
Fe3O4,mp-505595,-1.5315714396428572
ClO5,mp-1213825,0.16285513104166682
EuO3,mp-1206483,-1.7128641978125003
WO3,mp-2383161,-2.1918148268749995
Bi2O3,mp-1197128,-1.639275182
TiO,mp-685151,-2.726519916041667
SiO2,mp-639506,-3.2547733333333344
Fe3O4,mp-510252,-1.5708796660714281
CoO,mp-22408,-1.2850167556250014
OF,mp-1238792,0.5390841268750002
VO,mp-714885,-2.0902744493750003
NbO2,mp-649729,-2.5875683474999995
SiO2,mp-667383,-3.259564606190476
SiO2,mp-600071,-3.254567859166667
BiO2,mp-755137,-1.452593130833333
ZrO2,mp-754741,-3.7302472249999994
SiO2,mp-555791,-3.227389617569445
Al5O8,mp-1182893,-3.2322827923076924
HgO,mp-1224,-0.6386894656250002
NiO,mp-19009,-1.2187214468750005
U17O31,mp-674332,-3.6432316608593758
TeO3,mp-1179088,-0.037498165729166644
Sc2O3,mp-216,-3.969496017
Fe3O4,mp-19306,-1.6459270571428573
Ge7O16,mp-731900,-1.6592316097826079
Fe17O18,mp-705424,-1.474710661071428
Cs11O3,mp-562001,-0.792031909356527
MoO2,mp-1047621,-1.7707934383333341
Al2O3,mp-1245043,-3.2054924940500005
Nb2O5,mp-680944,-3.0347415166071423
Cr5O12,mp-13869,-1.8079307870588233
Rh2O3,mp-1716,-1.07218461975
Bi2O3,mp-636934,-1.386961674916667
TiO,mp-755264,-2.810997671041667
MnO2,mp-19395,-1.8066781359770114
Pr9O16,mp-557002,-3.3140614101999994
Al2O3,mp-2352722,-3.230066377916667
SiO2,mp-600111,-3.2489731939583333
PtO2,mp-1285,-0.9274513191666666
SiO2,mp-554175,-3.1697293687499997
SiO2,mp-6945,-3.265096761666666
Ta2O5,mp-780772,-3.279412001488095
Pr7O12,mp-991772,-2.590879377894737
Sb2O3,mp-2136,-1.7525008782499996
Gd2O3,mp-684585,-3.4585279972500005
SiO2,mp-559360,-3.258521584305555
Ti19O30,mp-760075,-3.331443090119049
Gd2O3,mp-504886,-3.896175168249999
Pa3O,mp-1186398,-0.1962662721875006
Cu3O2,mp-1022728,-0.6039676635
Ce2O3,mp-542313,-3.7705589425
Ag2O,mp-353,-0.322979072361111
FeO2,mp-850222,-1.2782457524999995
BaO10,mp-1182511,-0.535645723409091
Fe3O4,mp-716052,-1.5705353828571427
SiO2,mp-555235,-3.2646745441666662
Tb6O11,mp-16302,-3.4227329284558814
Ti3O,mp-554032,-1.4622295384374997
Co3O4,mp-1271793,-1.3018219314285702
W3O7,mp-1044534,-2.000369357625
Al2O3,mp-32591,-3.370217285375
TiO2,mp-1245134,-3.3294687474999995
B2O3,mp-1245185,-2.6903779306166666
SiO2,mp-1188220,-3.2603424224999995
SiO2,mp-554397,-2.6104260462499997
NdO2,mp-1077718,-3.0706303816666662
Bi2O3,mp-1017551,-1.49366860325
SiO2,mp-557873,-3.2081565608333324
YbO3,mp-1178654,-1.3067745228124998
La2O3,mp-2292,-3.8749064725
VO2,mp-1314858,-2.3931857874999998
TaO3,mp-979919,-1.8090689878125001
IO3,mp-23315,-0.6229571196875003
U3O10,mp-1200254,-3.0541477203846155
SiO2,mp-556994,-3.1853321141666666
CeO2,mp-1018664,-3.809996819166667
Ag2O,mp-7711,-0.20368886402777756
CrO2,mp-21395,-2.047788352500001
Tb2O3,mp-1056,-3.984343459
H2O,mp-697111,-1.2820540204166662
SiO2,mp-10064,-1.9957360058333335
Rb2O,mp-755459,-1.1155062079166662
PuO2,mp-1959,-3.6506133191666685
EuO2,mp-1018700,-2.5034558741666664
ScO2,mp-1179114,-3.035852359166666
VO2,mp-1273390,-2.4150092620833328
V7O3,mp-1100921,-0.443952911625
Yb2O3,mp-1196954,-2.6993050885
TaO,mp-1895,-1.2326601693750021
NbO,mp-634965,-1.4642911693750005
LiO8,mp-1235059,-0.4282000159259256
SnO2,mp-1244894,-1.3263983246568618
SiO2,mp-638049,-1.528918895
CuO,mp-704645,-0.9431664343749997
Fe12O13,mp-764326,-1.4448664049499984
BaO10,mp-1182720,-0.3842105174999995
CrO2,mp-1399565,-1.6656801541666677
PtO6,mp-1179845,-0.141083121071429
MoO3,mp-18856,-1.9255261718749992
CoO2,mp-1281832,-1.0083987691666667
Ti3O8,mp-1217105,-2.49355067090909
Bi2O3,mp-23195,-1.6398592707500002
WO2,mp-1380432,-1.724452008333333
P2O5,mp-1182643,-0.8788037150595228
WO3,mp-510417,-2.184793225937499
Tb5O9,mp-780625,-3.4697736013392864
SiO2,mp-600033,-3.259577731944445
MgO,mp-1180312,-2.9784718743749994
V2O5,mp-1244889,-2.181811936345237
Sc2O3,mp-558748,-3.8957465805833333
AgO2,mp-1214896,0.3869868352777779
ClO5,mp-1181724,0.22360192437500004
B36O5,mp-32715,-0.6710977000914629
SrO10,mp-1179197,-0.5020710267424239
K2O,mp-776016,-1.2278613478333333
SnO2,mp-1374892,-2.022831477083333
SiO2,mp-557118,-3.24798157
SnO2,mp-1245203,-1.4592719523888882
Al2O3,mp-1245023,-3.1986815918500007
NdO3,mp-1173028,-2.1954604434375
Fe38O39,mp-705753,-1.4259140817045455
SiO2,mp-558301,-3.0611450593750003
Cu4O3,mp-1023130,-0.7069533680357141
Y2O3,mp-777514,-3.8814571364166666
Al2O3,mp-642363,-3.1468647582499996
SiO2,mp-600002,-3.2540007129166657
NO,mp-1079684,0.4505142118750012
Bi4O5,mp-1227568,-1.3823634531944444
TiO2,mp-655656,-3.197308469444444
MgO,mp-1192189,-3.014316000625
MoO3,mp-1245293,-1.395322395262499
CoO2,mp-1408926,0.19820382416666624
Ti2O,mp-1245309,-1.7124692655310463
SnO2,mp-1245126,-1.3749934133823518
ZrO2,mp-775935,-3.7276614213888895
Ta2O5,mp-1218141,-3.1948754562500006
FeO2,mp-796324,-1.2435989174999993
NO2,mp-1180500,0.015515713333333755
PbO2,mp-1188454,-0.5703412291666667
NiO2,mp-25428,-0.6747991333333326
Ta2O5,mp-1238961,-3.3264387205357155
MoO2,mp-1094123,-1.6648209241666667
Ti3O7,mp-1105338,-2.8866390091249996
Sb2O5,mp-1402032,-1.663133184821428
SiO4,mp-685105,-1.1617914930000002
BeO,mp-1244963,-2.814374109975
Ta2O5,mp-554867,-3.017827081964287
BiO2,mp-1444985,-1.2324279083333327
ZrO2,mp-755769,-3.7627280591666667
Eu2O3,mp-1017564,-3.1256267552500008
SiO2,mp-683947,-3.1314214429166665
CrO2,mp-1040967,-1.8651819466666666
SiO2,mp-555700,-3.2594355314583328
Al2O3,mp-1244887,-3.2089442305500007
TeO2,mp-8377,-1.4842214888888876
SiO2,mp-556812,-2.9783942852777776
V2O5,mp-1245156,-2.1999569002499997
B8O,mp-1228685,-0.6044022391203706
SiO2,mp-1249969,-3.249560255
Mo4O11,mp-558247,-1.94097972175
NO2,mp-608071,-0.5077898508333326
SiO2,mp-1250261,-3.255002192500001
TeO2,mp-1103475,-1.331277538888888
Al2O3,mp-1245265,-3.1959507374500005
CoO,mp-1245304,-0.9008930762499994
Re2O7,mp-1016092,-2.0276550424999993
V7O13,mp-27151,-2.4808659414375
SiO2,mp-556985,-3.223824158333333
SiO2,mp-560973,-3.2396918571296305
V2O5,mp-1244961,-1.7761585542500002
ReO3,mp-547271,-2.1333876703124997
SiO2,mp-1250551,-3.255507243035714
SiO2,mp-530546,-3.2564550300308643
MgO,mp-776911,-2.962612580624999
CuO,mp-14549,-0.7723037093749996
Ta2O5,mp-1245264,-3.1489136514880967
SiO2,mp-558326,-3.256944958981482
SbO2,mp-1041974,-1.4376595474999998
SiO2,mp-545488,-2.5705175199999997
Al2O3,mp-1247896,-3.2326128550000006
WO3,mp-2383052,-2.1913019128125004
IrO3,mp-1097041,-0.9831517878125
Rb2O2,mp-1206677,-0.9325499281249998
VO2,mp-1285335,-2.4103466700000005
SiO2,mp-680204,-3.2551351237121193
UO3,mp-233,-3.4160600990625003
SiO2,mp-667376,-3.2559527182738086
KO2,mp-1866,-0.9880319634999998
Ni15O16,mp-33255,-1.0800609151612905
TiO2,mp-775938,-3.4631995119444445
Al2O3,mp-1245024,-3.214620585050001
CsO3,mp-1189507,-0.6530728385452589
Al2O3,mp-776490,-3.37950446175
Mn3O4,mp-20141,-1.998599021970444
Bi2O3,mp-1080122,-1.51721205025
InO2,mp-1181008,-1.4348460874999993
BeO2,mp-1214161,-1.4266116499999992
ReO3,mp-755021,-2.130728270312501
Fe3O4,mp-1181813,-1.597476125
Ce2O3,mp-2721,-3.72637335525
FeO2,mp-1387762,-1.0492136683333324
WO2,mp-1245227,-1.5564676460294111
Li2O2,mp-841,-1.6508063835416662
Ti9O8,mp-32544,-2.592152827352941
PbO2,mp-1102359,-1.1699630674999995
SiO,mp-32761,-2.0477855293750005
Al2O3,mp-1244930,-3.24521720705
Na2O,mp-1245278,-1.2920676344413453
SiO2,mp-553881,-2.907812041666666
Nb2O5,mp-556048,-3.028579489642856
CsO2,mp-1096936,-0.9215082618103446
HfO2,mp-741,-3.8813764149999996
Nb2O5,mp-776896,-2.975892730178571
Mn3O4,mp-1180464,-1.4717123387561588
Al2O3,mp-723985,-0.86631573425
WO3,mp-1245268,-1.9453734195624997
Al2O3,mp-1245008,-3.20745030015
AlO2,mp-1182900,-2.5003948633333333
LiO8,mp-1236127,-0.4124921270370368
Pm2O3,mp-553921,-3.83686427375
TiO2,mp-1190753,-3.384984373194444
WO3,mp-19443,-2.1859010590625
Sb3O7,mp-1219514,-1.6973185866249998
SiO2,mp-558598,-1.455102949444445
FeO,mp-1178232,-1.4701194793749988
SnO2,mp-1384340,-2.039739234166666
Ga2O3,mp-685090,-2.0527638515
Ti11O14,mp-1101463,-3.097973846366666
SiO2,mp-559389,-3.015971833611112
EuO2,mp-1206506,-2.6534053725
MnO2,mp-25275,-1.7737476859770116
CaO,mp-1064492,-3.0967153018749998
CrO2,mp-1047121,-1.977594223333334
WO2,mp-1245271,-1.5168216091666664
OsO2,mp-1095264,-1.2672850075
Ce5O9,mp-32613,-3.939970239196429
PrO2,mp-1302,-3.026522514166666
Al2O3,mp-1245111,-3.2666171893500007
Al2O,mp-1245215,-1.7205499056944447
YO2,mp-1102883,-2.9925902022222224
B84O11,mp-851576,2.58696793793421
Mo8O23,mp-2669,-1.9322252827822575
Pu2O3,mp-1219669,-3.3924716352499997
SiO4,mp-1391176,-0.5214261089999999
NaO2,mp-1180165,-0.8375441834339075
EuO3,mp-1206587,-1.7153242490625003
U3O8,mp-560402,-3.702467240909091
BeO,mp-1245060,-2.7765579430749994
MoO3,mp-715574,-1.8661325440625003
PbO2,mp-1101843,-1.243932066666666
W2O5,mp-1216302,-1.8780068676785717
SiO2,mp-559313,-3.2587341937499996
WO4,mp-1201934,-1.2291005817500007
Al2O3,mp-1245055,-3.210389421350001
ZnO2,mp-1237278,-0.7278905891666673
NaO8,mp-1180536,-0.06768595822796976
SiO2,mp-600096,-3.129244712361111
SiO2,mp-555676,-3.0191053720833327
Pr6O11,mp-559771,-3.2425837949264698
B2O,mp-614006,-0.7114378190277778
Ni5O4,mp-1094094,-0.27439137944444447
SiO2,mp-558115,-3.2594358435000004
Zr19O40,mp-685070,-3.5767085911864407
Ge3O,mp-1184665,0.08140283656249991
W3O8,mp-555619,-2.0777709702272733
NbO3,mp-1179977,-2.4603590015625
V6O13,mp-714921,-2.3942163296710524
Cr2O3,mp-1043379,-2.0675694217499996
Th3O,mp-979038,-0.05174532718750058
U3O11,mp-1193479,-2.4569827679464282
V2O5,mp-25207,-2.260112524821428
BaO2,mp-1182259,-1.7376413737499992
TiO,mp-1244926,-2.5834997166416667
Cr6O11,mp-1213798,-2.1242263103676473
CaO2,mp-1095665,-1.924054517499999
Zr6O11,mp-761151,-3.6238663691911768
H11O8,mp-32854,-1.038652466578947
MnO2,mp-1041066,-1.654695708754789
Fe21O32,mp-530048,-1.4970511694339617
ZrO2,mp-2574,-3.7782261541666657
Cs2O,mp-755060,-1.1176595182040225
NiO2,mp-1042019,-0.3552934599999998
CoO2,mp-1272749,-1.075038355833333
FeO2,mp-1412685,0.5590307341666675
AgO,mp-499,-0.44576252770833324
FeO,mp-849689,-1.3783560760416667
Cr19O48,mp-850874,-1.6694527268656718
BaO,mp-1245276,-2.594911338475
Ni2O3,mp-1043875,-0.7639221292500004
Ni4O3,mp-1094096,-0.6136260080357141
UO5,mp-1072461,-1.8241856072916665
Ce13O24,mp-684627,-3.9355262441891896
Yb2O3,mp-2814,-2.7001849025000006
Ga2O3,mp-1244932,-2.0832958858750006
WO3,mp-1191364,-2.181132288645833
P4O9,mp-541846,-2.358787434775641
PbO,mp-550714,-1.4491869543749996
MnO2,mp-644514,-1.7901108718103456
Sb6O13,mp-1219481,-1.7770230601973689
Bi3O5,mp-753707,-1.55180730109375
Sm2O,mp-33104,-2.0744851995833344
H2O,mp-697085,-1.217757080416666
YO2,mp-1206610,-3.1275935297222213
SiO2,mp-556218,-3.2599017591666666
CrO2,mp-1047643,-1.86136239
SiO2,mp-12350,-3.1340160858333324
CoO2,mp-1245119,-0.49322089716666695
Cr2O3,mp-753829,-2.3051641822499986
TeO3,mp-1400848,-0.6441503732291665
Dy2O3,mp-673165,-0.8668018282500001
SiO2,mp-558564,-3.2043373008333336
P2O9,mp-1201299,-1.0161031607196973
Pb7O16,mp-1100796,-0.9567337991304347
I3O8,mp-727952,-0.6373212343181823
SbO2,mp-1044869,-1.6691481738888894
N4O9,mp-1180808,-0.12191443528846199
GdO2,mp-21149,-3.103040129166667
GeO2,mp-223,-2.0778856341666674
Mn5O7,mp-1046066,-1.8015130534087653
VO2,mp-1289705,-2.409620672083333
GaO,mp-1183990,-1.3854080931249992
Bi2O3,mp-37036,-1.57063809725
VO2,mp-1271755,-2.439133031666666
HfO2,mp-776097,-3.992638295555556
TiO2,mp-756655,-3.428519904444444
Re2O7,mp-1368296,-1.906350282916667
SiO2,mp-559550,-3.2599538380555564
MoO3,mp-1245125,-1.3363969913624987
SiO2,mp-600024,-3.249628817916666
SrO,mp-2472,-3.0777269927083326
Al2O3,mp-7048,-3.41793316225
Os3O,mp-1186352,0.6564735328124982
CO2,mp-729728,-1.7523819674999987
Pt3O4,mp-1604,-0.8275097607142854
Cr2O3,mp-1244988,-1.9603483607499996
Fe10O11,mp-759504,-1.4799359731547614
CoO2,mp-25234,-1.0735106041666664
PbO2,mp-20158,-1.1938624391666661
V2O5,mp-542844,-2.229297029107142
Rb2O,mp-776922,-1.131017359027778
Bi3O2,mp-1022722,-0.9981509734999996
SbO2,mp-1388164,-1.4299232574999994
TiO2,mp-553432,-3.453360280277778
Cu3O4,mp-1178476,-0.8371864028571423
TiO2,mp-777129,-3.455075328611112
SiO2,mp-600057,-3.2504296036111118
BaO2,mp-1006878,-2.0510259824999992
Pb3O4,mp-636813,-1.4096062971428565
MoO2,mp-635966,-1.7928759475000007
FeO2,mp-1181766,-1.2432209366666658
SiO2,mp-560152,-3.170053756875
B2O3,mp-1245270,-2.670249095416666
Ti3O,mp-1245140,-1.2876376230875008
SbO2,mp-1377931,-1.5916032049999995
TaO2,mp-510,-3.0585667172916664
PO2,mp-1238819,-1.6072609069444443
In2O3,mp-1244879,-1.3743328761499993
Fe2O3,mp-1181824,-1.5397282202500002
P2O5,mp-2173,-2.434560996845238
TiO2,mp-1245098,-3.3422911071666666
TeO2,mp-2125,-1.4955508451388884
V8O15,mp-556566,-2.4844014026630434
BeO,mp-1244919,-2.8392402110750004
CuO,mp-1120722,-0.6080430227083333
V2O5,mp-1244978,-1.7790149090119052
Ni15O16,mp-1100319,-1.1532390174193554
VO2,mp-1393040,-2.214539007500001
Ta2O5,mp-1218312,-3.298063530665584
Pd2O,mp-10729,-0.38830570791666713
W5O7,mp-1345171,-0.9282305459374989
CoO2,mp-1047639,-0.8468374308333336
SiO2,mp-557244,-3.0911423258333333
V2O5,mp-1244920,-1.8090732045357147
CsO2,mp-1441,-0.9806956218103444
H2O,mp-558958,-1.247835090138889
MnO4,mp-1221594,-0.574335396586207
SiO2,mp-600007,-3.255112112500001
HfO2,mp-1245107,-3.7935423216176454
Ta2O5,mp-1372329,-0.38287344720238065
VO2,mp-25199,-2.2156322758333338
AlO3,mp-1182887,-1.4624840753125001
OF2,mp-1095223,-0.49806208875000024
WO3,mp-826026,-2.1845983459375002
Fe25O32,mp-1194978,-1.4376727045614026
SiO2,mp-560941,-3.2567856381249993
Ti2O,mp-1244955,-1.6994978670996732
TcO2,mp-1205302,-1.835876230833333
Nb2O5,mp-581967,-3.035114055943878
Ti3O5,mp-1245292,-3.181501017584135
WO3,mp-619461,-2.184715185937499
U3O7,mp-1216910,-3.5530547601249993
SiO2,mp-2374583,-3.114031163333333
Ho2O3,mp-558336,-3.988874050583334
CdO2,mp-1096876,-0.5047142825000002
Fe23O25,mp-705553,-1.479661158307291
SiO2,mp-639511,-3.2565473741666655
SnO2,mp-697,-2.0077772916666667
Ho2O3,mp-685148,-2.7263866202500004
BaO,mp-1245311,-2.652826449175001
InO,mp-2646987,-1.4397742643749996
BaO,mp-1178531,-2.80433717359375
BaO10,mp-1182576,-0.602726407045454
Tb8O13,mp-684966,-3.728816077559524
Al2O3,mp-782035,-3.337236451583334
MgO2,mp-1180271,-1.9554279724999997
Sc2O3,mp-755313,-3.930763890249999
AlO3,mp-1182915,-1.2807009068750004
YbO2,mp-864801,-2.2393320608333336
MgO,mp-1245039,-2.7996956771250003
WO3,mp-636148,-2.1611460584375006
Cr2O3,mp-1245064,-2.005684550999999
CoO2,mp-1245011,-0.3844513256111112
Lu2O3,mp-556477,-4.068142224583332
BiO2,mp-1041395,-1.3016917437499995
Ti7O13,mp-556724,-3.4418987871041664
SiO2,mp-556262,-3.2530404649999998
Fe7O8,mp-715333,-1.4945317009999997
Re3O8,mp-32795,-1.8822199086363633
V4O7,mp-1178988,-2.3392581705681823
CrO2,mp-1281333,-2.0430960266666673
Fe41O56,mp-757565,-1.571844942989689
Sc2O3,mp-775837,-3.887716036249999
Mo9O26,mp-640818,-1.9004366367857146
SiO2,mp-560064,-3.2536758378124997
SiO2,mp-555740,-3.235824087083333
SiO2,mp-639705,-3.2426432415
SiO2,mp-600023,-3.2538191385000004
MoO2,mp-25427,-1.7802825008333336
SiO2,mp-560809,-3.25771428375
Ni2O5,mp-1094139,-0.1858081955357136
SiO2,mp-1071820,-2.831227864166667
CuO2,mp-601195,-0.4195367025000003
Fe3O4,mp-1271729,-1.5841545217857143
SiO2,mp-559962,-3.242158517361111
WO3,mp-1245182,-1.9480550255624995
V2O3,mp-1272087,-2.449436735916667
CoO2,mp-1400906,-1.081647164166667
ReO2,mp-12875,-1.7759814658333326
WO3,mp-675211,-2.0615256697767856
Cu6O,mp-1207322,1.1860280430357142
SiO2,mp-600006,-3.2356505046666664
SiO2,mp-9258,-2.6966355133333333
NaO8,mp-1201981,-0.12126387628352514
Mn3O4,mp-18759,-2.051136265541873
SO4,mp-1070625,-1.103808157625
H2O,mp-1181087,-0.9718766868055558
Ca2O3,mp-1120811,-2.43290075075
Rb9O2,mp-27561,-0.6581112204545453
Sn5O6,mp-978114,-1.7628927602272733
CaO10,mp-1182382,-0.5527423424999999
Cr2O3,mp-1244912,-1.9440284528749998
TiO2,mp-1341203,-3.3515041748611103
SiO2,mp-560754,-2.7390401502083326
TiO2,mp-430,-3.437072721111111
Ti3O5,mp-1245086,-3.187089017584135
BiO2,mp-25333,-1.098594536666667
SiO2,mp-600029,-3.256895224444444
Ti3O,mp-1245176,-1.279204839887501
MoO2,mp-1351647,-1.7235086252083331
SiO2,mp-556088,-3.166571262916666
TaO10,mp-684958,-0.6053385788636363
Ag3O4,mp-1605,-0.40662248571428555
Cu2O,mp-361,-0.6449295362500003
WO3,mp-756478,-2.1811513409375003
V6O11,mp-30518,-2.487569293897058
Tm2O3,mp-13067,-4.013206947916667
Bi2O5,mp-1776732,-1.0399958419642863
U3O8,mp-308,-3.707720706363636
AgO,mp-1066856,-0.439679485208333
V2O5,mp-1245283,-1.7525313621547618
Sc20O19,mp-684697,-3.16275893503205
CoO,mp-19128,-1.2846041756250006
MgO,mp-1245232,-2.7324417217500008
Co5O7,mp-1046082,-0.8728943342708332
IO2,mp-23170,-0.7142040104166666
SiO2,mp-556788,-3.026631085
VO2,mp-1353031,-2.341479936874999
Ni15O16,mp-705519,-1.141831034193549
SiO2,mp-600067,-3.2402386476190466
CrO,mp-755073,-1.9677251268749991
WO3,mp-1386422,-0.9630783128124989
Fe2O3,mp-542896,-1.5920101447499995
VO2,mp-1272932,-2.422275405277777
EuO,mp-21394,-3.139613749375002
Cr3O8,mp-545796,-1.6505492045454533
V2O3,mp-18937,-2.5266538952500013
SiO2,mp-557653,-2.971039384999999
WO3,mp-2235359,-2.1854453896874997
K2O,mp-998929,-1.188888194916667
SiO2,mp-32895,-3.2517597515277776
FeO,mp-755189,-1.3686688018749997
VO2,mp-636746,-1.9832531833333344
P2O5,mp-562613,-2.429325632559523
SiO2,mp-600000,-3.257755105833333
W17O47,mp-1197770,-2.149081499550782
FeO2,mp-1047285,-1.0327303554166665
ZnO,mp-1245255,-1.4031795925000003
KO2,mp-734250,-0.9126050943333327
As2O9,mp-1182590,-0.2865780192045451
Al2O3,mp-1247839,-2.885979190500001
SnO2,mp-1041984,-1.9463037141666664
CO2,mp-20066,-1.770343931666666
WO2,mp-504110,-1.5498042766666664
SiO2,mp-7905,-2.8511557108333325
UO3,mp-1198490,-3.5303127818750006
Fe2O3,mp-715276,-1.6219528672499997
VO2,mp-1271757,-2.4185363400000006
Cr2O3,mp-1181863,-2.04314083525
Cr2O3,mp-1245091,-1.9064240949999998
S8O,mp-27465,-0.1968414306944442
SiO2,mp-600098,-3.2557351680208324
MgO,mp-1191789,-2.8883851060416674
CeO2,mp-1018659,-3.4998648224999998
BrO4,mp-1182418,0.08040218350000075
WO3,mp-715923,-2.1839938628124997
BrO,mp-1181998,0.5339208656249999
Cs7O,mp-561735,-0.4600681734500715
SiO2,mp-639480,-3.245394140833334
V2O5,mp-1245097,-1.7991553952976196
BiO2,mp-1041597,-1.4564072491666664
V2O5,mp-1245219,-2.1642191175833325
CaO2,mp-1062228,-1.7130444825000002
V2O3,mp-552113,-1.8007400362500008
SiO2,mp-600055,-3.2551472369047607
Fe2O3,mp-716814,-1.2048067339166655
NO2,mp-726866,1.7470767191666667
Y2O3,mp-775906,-3.908860365166666
V9O17,mp-716723,-2.4712470968749995
MoO3,mp-1396061,-0.9606519415624994
SiO2,mp-10851,-3.255331436944445
SrO3,mp-1206311,-1.2949116519791666
Cr9O13,mp-1045826,-2.038753988352273
Sn2O3,mp-1046850,-1.65152739475
SiO2,mp-562490,-3.2582366258333333
V2O5,mp-1245275,-1.7994192584404756
Cr8O21,mp-1396459,-0.6894193373706906
SO12,mp-1194011,-0.2152026352403847
SiO2,mp-17909,-3.2562245791666666
NbO3,mp-1186241,-1.6472247740625
Fe10O11,mp-799417,-0.8240380588690466
CoO2,mp-1275937,-1.0740683075000004
SiO2,mp-1204026,-2.9624481118055552
N2O3,mp-726073,0.60570897725
V9O13,mp-1045898,-2.276505126988636
SiO2,mp-554946,-3.2566150386111112
VO2,mp-541404,-2.461113170833334
SiO2,mp-683953,-2.391850834236111
Nb2O5,mp-1595,-3.0275765076785714
Mn8O17,mp-1221945,-1.6418053548879312
V5O12,mp-778252,-2.321101330882353
WO3,mp-32777,-2.1813919003125
SeO2,mp-560882,-1.1448038749479164
CoO4,mp-1079523,-0.05038880099999972
TiO2,mp-1840,-3.482278967777777
SnO,mp-1245115,-1.4053437855
VO2,mp-1284510,-2.4064943462499997
Ti2O,mp-1245066,-1.7127542434722223
SiO2,mp-1205213,-3.1962904782407415
VO2,mp-1178787,-2.4406099070833327
Ti3O5,mp-1147,-3.3807381754687498
MoO3,mp-562561,-1.8870683865625004
B2O3,mp-1245057,-2.6520142217166667
Fe2O3,mp-1078361,-1.4714039802500003
TiO2,mp-849533,-3.4122051890277767
CaO,mp-1181903,-0.5785234881250001
PdO,mp-1336,-0.7904625518749997
CuO2,mp-614565,-0.4094928425000006
SnO,mp-1245329,-1.4330280832500002
VO2,mp-559445,-1.9846362458333335
SnO2,mp-755071,-2.051311620833333
Al2O3,mp-1244997,-3.1564468640500003
HfO2,mp-352,-4.020659236666666
RuO2,mp-1008785,-1.2704513558333328
FeO2,mp-25332,-1.2562710474999992
Sb2O5,mp-771699,-1.66988120375
Al2O3,mp-755066,-3.3385721667500006
TeO2,mp-1190021,-1.4715605880555553
TeO6,mp-1201116,-0.007564410595238412
VO,mp-19184,-2.090923906875
U2O5,mp-1100983,-3.5385031972023806
SiO2,mp-600027,-3.256536697500001
Cu2O3,mp-771359,-0.8338923844999997
Ga2O3,mp-1245018,-2.0951284735
Sn5O7,mp-1045856,-1.6187143605208327
Al2O3,mp-1244909,-3.2558522634500005
Co3O4,mp-18748,-1.291341999999999
Fe3O4,mp-715811,-1.608490219642857
Cr2O,mp-1206821,0.006654530416666897
WO2,mp-1245077,-1.5230115266176465
W2O5,mp-1392923,-2.0493821919642863
SiO2,mp-557465,-3.248781854166666
Mn2O3,mp-1303934,-1.9560791514224136
Fe3O4,mp-1379262,-0.6694989401785715
ZrO,mp-33088,-2.4824913193750007
Sm2O3,mp-10733,-3.8231997092500007
V13O16,mp-30065,-1.6546991291379312
UO11,mp-1178875,-0.9188298963541671
KO2,mp-1180742,-0.9611544701666664
WO2,mp-25375,-1.7682825958333328
MoO4,mp-1206498,-0.9335469640000014
MoO3,mp-20589,-1.8861312828124994
NO4,mp-1180345,-0.060676193999999836
ZnO2,mp-1094003,-0.7355917891666669
SiO2,mp-1248957,-3.2520996110416664
B2O3,mp-1245025,-2.7356498717166664
SiO2,mp-559273,-3.058389904305555
SiO2,mp-1244965,-3.090306872303921
SiO2,mp-554243,-3.2585983913888885
SiO2,mp-600015,-3.256914637638889
Bi25O38,mp-766354,-1.6140733227380946
PtO3,mp-768242,-0.5958187321874995
Bi2O3,mp-1188267,-1.59060423225
Y2O3,mp-2652,-3.9716834536666665
TiO2,mp-1102255,-3.211312175277777
PrO3,mp-720472,-1.9429833303125
UO3,mp-375,-3.6131335340625004
Si48O107,mp-1221354,-2.8515180865564513
V2O5,mp-624689,-2.156711354107142
VO2,mp-1271792,-2.389256619166666
Fe23O32,mp-774295,-1.4802143243636372
NO3,mp-1204579,-0.5649840148437502
SiO2,mp-600072,-3.254070641458333
TaO2,mp-683983,-2.7558536352083336
Li2O,mp-755894,-1.9772245743055556
SiO2,mp-680222,-3.2364780504861113
As2O3,mp-1194715,-1.6262040977499992
Co21O40,mp-850026,-1.0590722594262292
Cs2O,mp-755573,-1.0981625398706891
Bi2O3,mp-1017552,-1.5913920112500002
Tb11O20,mp-556069,-3.4570985846774187
Pm2O3,mp-547622,-3.80183575825
ReO2,mp-1095546,-1.8228867983333323
WO3,mp-733506,-2.1820399100624996
Sc16O15,mp-759946,-3.1471904555241945
TeO2,mp-1077823,-0.9211966030555553
SiO2,mp-640556,-3.264982229583334
MgO,mp-1245128,-2.7084867505000005
Co7O12,mp-756900,-1.0404029010526317
Pr2O3,mp-16705,-3.735860027000001
AsO3,mp-1215144,1.8013972915625
P2O5,mp-1245245,-1.6790057503452382
SiO2,mp-560336,-3.2552498079166665
LaO3,mp-936202,-1.4230518065624995
Tl4O3,mp-27684,-0.9381468492261905
Ag2O3,mp-546190,-0.3601406719166668
Al2O3,mp-1247914,-3.3344365842500006
Ta2O5,mp-1405465,-3.2589846605357145
CrO,mp-1272524,-1.923586013125
SiO2,mp-638038,-2.0215302974999996
BaO,mp-1008500,-2.798513246875
V2O5,mp-1245325,-1.7779906954880949
TiO2,mp-1350429,-3.3233534063194434
VO2,mp-1780502,-2.318744380833332
SiO2,mp-560203,-3.224133674722222
TiO2,mp-9173,-3.4432258627777776
Ho2O3,mp-812,-4.034431059
SbO2,mp-1356631,-1.6775694663888894
Fe15O16,mp-1224936,-1.4351198583870954
Si3O7,mp-638900,-2.027843324125
VO2,mp-634430,-2.103406085000001
V2O5,mp-831269,-2.2639604918622447
Cr3O8,mp-545771,-1.5589250763636358
V2O5,mp-776152,-2.2860531537499997
N2O3,mp-734030,0.5983899422500002
AlO3,mp-1182886,-1.477001140625
SO4,mp-1179608,-1.0046404326249998
NbO2,mp-557057,-2.898476389999999
Y2O3,mp-1216050,-3.708171839916666
Ge5O11,mp-1224586,-1.6331653838281248
Al2O3,mp-1244937,-3.2132930215500006
Ni4O,mp-1094082,0.9024757422500009
Fe3O4,mp-1181657,-1.6055787589285708
SbO3,mp-726085,-1.3324797003124997
Cs2O3,mp-1213719,-1.0290199249224146
SiO2,mp-644923,-3.2568304372916668
SiO2,mp-600049,-3.235434102291666
SiO2,mp-557591,-3.2022798684722225
VO2,mp-1040910,-2.318058673333333
Na2O,mp-1245205,-1.1726790332648749
CuO,mp-1692,-0.9434310893749993
Cr3O5,mp-1096920,-1.8875984129687495
Al2O3,mp-1245237,-3.2088545851499997
VO2,mp-1100908,-2.4562196408333343
BaO10,mp-1198148,-0.4203366524999998
NdO3,mp-673673,-2.0347321709374997
SiO2,mp-1179508,-2.93765945138889
WO3,mp-2486616,-2.1916722684375003
BrO2,mp-1182474,0.17673349083333356
U11O5,mp-673671,-1.4251415321093752
SO5,mp-1209240,-0.6255691323958334
NO6,mp-1180438,0.04529056642857045
Cu2O3,mp-755928,-0.45972322974999996
SiO2,mp-600080,-3.245578370260416
Al2O3,mp-1105018,-2.5566410072500005
Rb6O,mp-540855,-0.5160363526785713
